0,0.0,0.0,0.34332705,-0.40901867,0.601559,-0.563337,0.78399915,-0.7205525,1.0041435,-0.8344768,0.9994283,-0.0932014,1.316389,-0.35603067,1.2272084,-0.5927262,1.0556464,-0.71430355,1.0000001,-1.9665324e-08,1.4001232,-0.33210132,1.2907728,-0.6082837,1.1015352,-0.6941219,0.95642364,0.030817978,1.370895,-0.2965773,1.2684525,-0.5862013,1.0837457,-0.69891083,0.8796756,-0.012280727,1.1793095,-0.33827424,1.1691324,-0.58513623,1.0598485,-0.7135672
0,0.0,0.0,0.35040835,-0.38278148,0.6052363,-0.5342223,0.7967325,-0.6880009,1.025911,-0.7889436,1.0041192,-0.080621526,1.3421744,-0.3166561,1.2613229,-0.5578553,1.0819216,-0.68167603,1.0,-4.6656904e-08,1.4328423,-0.28192922,1.3252153,-0.5602998,1.1441424,-0.63619787,0.95370054,0.029723568,1.4033151,-0.25574908,1.2934946,-0.5297826,1.096565,-0.6289645,0.87097514,-0.008776788,1.1968534,-0.3136695,1.1768093,-0.5525331,1.0376925,-0.6670513
0,0.0,0.0,0.34347534,-0.41673526,0.5877602,-0.55310524,0.77830523,-0.7139592,0.9557188,-0.790815,1.0023717,-0.048447844,1.3283123,-0.39836985,1.194608,-0.6565877,0.9890579,-0.7714086,1.0000001,2.0042652e-08,1.4292469,-0.40750995,1.2715513,-0.6805105,1.0332695,-0.76467806,0.9428808,-0.043146335,1.3801681,-0.43848535,1.233005,-0.6995957,1.0172915,-0.7781081,0.8459912,-0.16368088,1.1803974,-0.52052546,1.1276771,-0.7253076,0.9624451,-0.8074216
0,0.0,0.0,0.33686218,-0.38164052,0.60753226,-0.5344582,0.8032927,-0.65133405,1.0406392,-0.67713356,1.0286584,-0.13063532,1.4024549,-0.23671281,1.364078,-0.47072506,1.2100691,-0.5869513,1.0,4.7481937e-08,1.4508203,-0.113006495,1.3898381,-0.41554737,1.228775,-0.5183509,0.9328561,0.09507528,1.3837891,-0.0031422232,1.3330299,-0.3278697,1.1595528,-0.4687414,0.83674634,0.13522431,1.1879997,-0.080150016,1.186757,-0.3312861,1.0479461,-0.4327884
0,0.0,0.0,0.31318107,-0.41533414,0.6061639,-0.5730566,0.81336516,-0.72667575,1.0464436,-0.8075752,0.9997196,-0.10018066,1.3599813,-0.31590843,1.3023664,-0.56903416,1.1343987,-0.7015278,1.0,-4.6391907e-08,1.447258,-0.2566428,1.3627166,-0.5533788,1.17724,-0.6512285,0.95340896,0.04571935,1.4245063,-0.21116507,1.3394133,-0.51903784,1.1520675,-0.63822365,0.8748723,0.012799819,1.2219038,-0.27915224,1.2064499,-0.5395384,1.0682064,-0.66138947
0,0.0,0.0,0.31279975,-0.3872875,0.550605,-0.55586874,0.7144664,-0.72334087,0.8688995,-0.8257083,1.0088527,-0.07495302,1.318143,-0.36383706,1.2279781,-0.6101496,1.0706323,-0.7333408,1.0000001,2.8370106e-08,1.3544247,-0.36827993,1.2288721,-0.6387499,1.055566,-0.7180039,0.9301755,0.004117325,1.3026309,-0.32042503,1.183753,-0.5972746,0.98757327,-0.7065818,0.8172225,-0.06143402,1.0667418,-0.39504507,1.021786,-0.61550564,0.88979816,-0.7298908
0,0.0,0.0,0.32146046,-0.40916896,0.588964,-0.56813186,0.78713405,-0.75147134,0.984822,-0.84751695,0.99464756,-0.06371603,1.352986,-0.37871972,1.2600145,-0.64828193,1.0814744,-0.7917103,1.0000001,5.3787673e-08,1.4503508,-0.40038761,1.3382331,-0.69294333,1.1182005,-0.7967991,0.95916283,-0.015403676,1.4226942,-0.40849414,1.2894375,-0.6899416,1.0749102,-0.7907013,0.8759041,-0.103913866,1.2014587,-0.46107575,1.1395502,-0.6955811,0.9769246,-0.8108358
0,0.0,0.0,0.37587833,-0.38480845,0.6176112,-0.52527857,0.77078795,-0.6900649,0.981939,-0.8185664,1.0267311,-0.080486566,1.3693932,-0.32059315,1.3062521,-0.58951426,1.1382868,-0.7305244,1.0000001,2.6066784e-09,1.44627,-0.27856365,1.356321,-0.5853438,1.1815473,-0.68510187,0.9283922,0.030707203,1.3828784,-0.23191664,1.3012288,-0.5355049,1.1169434,-0.6636812,0.8182816,-0.00016604291,1.1440603,-0.2888008,1.1375504,-0.53754556,1.0098673,-0.6682579
0,0.0,0.0,0.31522012,-0.3433422,0.56653476,-0.50914735,0.74021155,-0.6496352,0.936734,-0.6561785,1.0290239,-0.14180836,1.3943993,-0.27494606,1.2921976,-0.5086091,1.120628,-0.59146225,1.0000001,-3.663338e-08,1.4415503,-0.1317984,1.3064563,-0.43163627,1.113448,-0.5186589,0.9247235,0.1042336,1.3647697,0.0029122161,1.2657665,-0.31240943,1.0696912,-0.43547487,0.8069547,0.16957726,1.1277131,-0.03136274,1.1042869,-0.28492814,0.96414465,-0.39522102
0,0.0,0.0,0.3358415,-0.4141424,0.58583,-0.5546122,0.76772285,-0.72277284,0.9498955,-0.82884806,0.9935564,-0.0536909,1.3216033,-0.370265,1.2206405,-0.625469,1.0209908,-0.7572199,1.0,-6.362193e-09,1.4285024,-0.37947857,1.3056865,-0.65259755,1.0827787,-0.7561083,0.95472515,-0.028343678,1.3755857,-0.4385739,1.2369845,-0.689874,1.0317295,-0.7721546,0.8609239,-0.13917582,1.1685656,-0.4977141,1.1233376,-0.70773035,0.9722135,-0.80934286
0,0.0,0.0,0.33696604,-0.40158504,0.59227026,-0.56765,0.77603763,-0.74797195,0.9659278,-0.82864165,1.0036502,-0.06576657,1.3353128,-0.3912029,1.2216443,-0.645441,1.0333827,-0.77263343,1.0,-9.855642e-09,1.429376,-0.3977844,1.2980081,-0.6755483,1.0796753,-0.76163715,0.9507576,-0.004799847,1.4023433,-0.39379728,1.2588851,-0.6639851,1.0399675,-0.75280243,0.86068815,-0.07789202,1.1889578,-0.42575237,1.1275034,-0.64811695,0.9617952,-0.749562
0,0.0,0.0,0.32724953,-0.3944992,0.5707471,-0.55354136,0.7581081,-0.73377234,0.96348226,-0.8266639,1.0148103,-0.05348022,1.3729931,-0.36478058,1.275369,-0.6445728,1.092387,-0.7761894,1.0000001,-3.0725662e-08,1.4510012,-0.37949228,1.3179047,-0.6745807,1.1063621,-0.7627028,0.9384587,-0.013462579,1.3788786,-0.39755386,1.2431933,-0.6740545,1.0365254,-0.76282,0.838043,-0.09881054,1.1798687,-0.44163075,1.1451043,-0.66690356,0.9958779,-0.7671971
0,0.0,0.0,0.30546173,-0.4077366,0.5603367,-0.5773437,0.73056656,-0.7545939,0.8936593,-0.86218244,1.0026654,-0.06520752,1.3226608,-0.39241305,1.2016344,-0.65727216,1.0126435,-0.7854963,1.0000001,5.9787105e-08,1.4034544,-0.39649305,1.2888455,-0.67415154,1.0805016,-0.76999664,0.94044703,-0.0127880825,1.3515385,-0.40292734,1.2351257,-0.67317075,1.0407199,-0.76906145,0.82486314,-0.09366297,1.1156864,-0.43946898,1.0698413,-0.6616137,0.93289894,-0.77954435
0,0.0,0.0,0.32792112,-0.39235824,0.579621,-0.5577035,0.74058485,-0.74259245,0.90503275,-0.8607834,1.019332,-0.07226129,1.3648136,-0.38288966,1.259838,-0.6470654,1.0864531,-0.7731959,1.0,1.8719648e-08,1.4098042,-0.3867927,1.2937195,-0.6625451,1.0991,-0.7477372,0.92647046,0.0015062476,1.3554462,-0.35111275,1.240172,-0.6301236,1.0428975,-0.7369233,0.80803275,-0.06230303,1.1134044,-0.3953549,1.0664941,-0.6186393,0.9230354,-0.73163104
0,0.0,0.0,0.3093098,-0.39750668,0.54955757,-0.56384844,0.71325386,-0.747634,0.8638828,-0.86316645,1.0074431,-0.0646694,1.3412193,-0.39042348,1.2388971,-0.6583281,1.0698072,-0.7858981,0.99999994,2.5552785e-08,1.394843,-0.40447846,1.2769336,-0.6820891,1.0800614,-0.77267885,0.9351379,-0.00883737,1.3301831,-0.3884692,1.2200365,-0.6624382,1.029177,-0.7675644,0.8222879,-0.084644645,1.097493,-0.42573306,1.0459632,-0.64515144,0.9049969,-0.75548065
1,0.0,0.0,0.24146287,-0.20559944,0.54472345,-0.33011845,0.8062018,-0.19217211,0.9783558,0.05292101,1.0829079,-0.24044016,1.5136089,-0.24647829,1.7789135,-0.23962232,2.006187,-0.2145048,1.0,3.4873352e-08,1.2826524,0.036456183,1.0130248,-0.02094323,0.81312037,-0.072626546,0.8511292,0.20878656,1.047259,0.30376375,0.75426346,0.16813046,0.56344134,0.0630646,0.6613367,0.37477013,0.79411066,0.42671633,0.59926945,0.2936357,0.4589532,0.19094394
1,0.0,0.0,0.24764457,-0.20852926,0.5469164,-0.33737466,0.8098398,-0.20708449,0.99220836,0.038886093,1.0876622,-0.23934005,1.510955,-0.2565798,1.7689302,-0.2562837,1.9870304,-0.23249462,1.0000001,4.5797e-08,1.2789001,0.013278082,1.0209113,-0.0453773,0.82909346,-0.0920455,0.85329956,0.20743993,1.0488693,0.27479064,0.76325196,0.14475799,0.572205,0.047343526,0.67270416,0.37837872,0.8040221,0.40540066,0.620973,0.2721732,0.48561314,0.17160912
1,0.0,0.0,0.23369932,-0.22353584,0.5401252,-0.39053243,0.8196301,-0.31341392,0.9837946,-0.0707028,1.074209,-0.2213117,1.4670767,-0.20769806,1.7183274,-0.19644016,1.923156,-0.16377847,0.9999999,1.0950074e-09,1.2762388,-0.0038952725,1.0283608,-0.093626015,0.8333614,-0.13826603,0.8565288,0.1880639,1.031709,0.21171577,0.74047524,0.04694896,0.5571834,-0.029305011,0.6640763,0.34200844,0.77851105,0.31521377,0.58266145,0.17049868,0.4520344,0.105669744
1,0.0,0.0,0.2500802,-0.22908802,0.5737073,-0.35511777,0.8488994,-0.22182487,1.032522,0.017754834,1.0858135,-0.23047726,1.4930089,-0.22848175,1.7356163,-0.2172699,1.9436234,-0.18622318,1.0000001,-5.3490847e-09,1.2827836,0.008414476,0.99966717,-0.04801986,0.7866926,-0.08444492,0.853787,0.19667251,1.0597575,0.24950364,0.75788486,0.11589658,0.5641692,0.03481798,0.6694453,0.3574808,0.8005575,0.35995156,0.60102177,0.22749396,0.46250898,0.14821653
1,0.0,0.0,0.2733869,-0.1967417,0.5747586,-0.27969944,0.8211177,-0.11282804,1.0053198,0.1382886,1.092946,-0.2421467,1.4960964,-0.2519092,1.7621812,-0.22613269,1.9849238,-0.19272012,0.99999994,5.9271226e-08,1.2875962,0.026987555,1.0375669,-0.0068549104,0.8521154,-0.047640953,0.852687,0.21261854,1.0407859,0.28306237,0.7537359,0.16761474,0.5775009,0.06701866,0.69386923,0.37951964,0.7772293,0.4154234,0.5829763,0.2973324,0.45882517,0.20151334
1,0.0,0.0,0.28179875,-0.173288,0.5756063,-0.23721851,0.8113332,-0.042404663,0.9892868,0.21580832,1.100603,-0.24098326,1.5023896,-0.21446453,1.7649287,-0.16461729,1.9850765,-0.11546304,1.0,1.9737236e-09,1.2664506,0.07084376,0.9990807,0.043710213,0.82117873,-0.00022878878,0.8505298,0.2116851,1.0257174,0.3249261,0.7421523,0.20978995,0.58991075,0.102934524,0.70592195,0.37510797,0.7901496,0.45679313,0.596203,0.34027022,0.4854601,0.23894922
1,0.0,0.0,0.2549266,-0.18555722,0.55263567,-0.2836709,0.817362,-0.13051717,1.0024569,0.11275138,1.0851915,-0.23826586,1.4962282,-0.23298667,1.7573756,-0.20456667,1.9770831,-0.16594675,1.0,-5.3263864e-08,1.2795458,0.03541848,1.0247148,-0.013544883,0.8364048,-0.063673176,0.8533553,0.20484848,1.045188,0.2989497,0.76632327,0.17338194,0.58779806,0.0676263,0.68162566,0.36036384,0.7948212,0.41384,0.60505795,0.29049408,0.4733635,0.19267575
1,0.0,0.0,0.25483298,-0.21969418,0.56234026,-0.34802064,0.83391625,-0.22290143,1.0155555,0.017843978,1.0867294,-0.23351157,1.493491,-0.23587443,1.746948,-0.22255948,1.9629872,-0.18786128,1.0000001,-5.1637485e-08,1.2768654,0.011421633,1.0020516,-0.04262611,0.7945035,-0.08097189,0.85499793,0.19881487,1.0452074,0.25988653,0.7487842,0.123999245,0.5633859,0.032864105,0.67608964,0.358357,0.78771394,0.37594768,0.5957047,0.23715071,0.47006157,0.14367947
1,0.0,0.0,0.20961817,-0.27119958,0.5352253,-0.49309394,0.8047516,-0.48314008,0.9758872,-0.27722058,1.0802178,-0.2309037,1.5324811,-0.22948056,1.8225669,-0.24489748,2.0544546,-0.23023735,1.0,2.1368576e-08,1.2858075,-0.09913106,0.94639623,-0.23899436,0.7096422,-0.25168377,0.8483136,0.19790305,1.0891967,0.091305554,0.7520651,-0.08436687,0.5453651,-0.10338858,0.63843614,0.36457625,0.7911646,0.20957775,0.5694147,0.0522797,0.42565036,0.045666233
1,0.0,0.0,0.2283484,-0.23262314,0.532952,-0.4009769,0.7948505,-0.3341218,0.9431975,-0.107365705,1.0731395,-0.2226261,1.4750322,-0.20522715,1.7318709,-0.19248591,1.9455508,-0.15907648,1.0,-6.906807e-09,1.2773148,-0.017945213,1.0493364,-0.13222642,0.85936403,-0.19694011,0.8494392,0.18824953,1.024596,0.1935581,0.747775,0.024936296,0.5592798,-0.05814537,0.6432409,0.34220773,0.76739913,0.29559374,0.584149,0.14414136,0.45021668,0.07284792
1,0.0,0.0,0.26218203,-0.1989174,0.56081295,-0.2993394,0.8124689,-0.15072812,0.9935376,0.10712951,1.0968113,-0.23924679,1.5043837,-0.23697236,1.7753572,-0.2123731,1.9937148,-0.17971484,1.0,-2.172839e-08,1.2793739,0.020613827,1.0322798,-0.027589893,0.84774816,-0.07389895,0.845153,0.20630908,1.0349547,0.270825,0.74713314,0.1451365,0.5683095,0.047447238,0.6798242,0.37026533,0.7763985,0.4035869,0.5805117,0.2811703,0.4533995,0.19173741
1,0.0,0.0,0.23927426,-0.20071846,0.54116356,-0.32156166,0.8093234,-0.17689128,0.9865202,0.06883568,1.0704684,-0.23271833,1.4493674,-0.20718518,1.6965326,-0.16758363,1.9018021,-0.12402886,1.0,-3.122381e-08,1.2608815,0.027658958,1.0160918,-0.02205658,0.8439833,-0.061902042,0.86120915,0.19889006,1.0318563,0.26569912,0.7446784,0.12910028,0.5740124,0.037297666,0.6795639,0.35465667,0.77642477,0.37477198,0.5878838,0.25112954,0.47097823,0.17193335
1,0.0,0.0,0.23354103,-0.23436052,0.55408126,-0.40370655,0.838134,-0.31446633,1.0041034,-0.061839726,1.0835379,-0.228978,1.482438,-0.19882604,1.7421784,-0.17449124,1.9535968,-0.13661526,1.0,-3.298283e-08,1.2820841,-0.0013707187,0.9931083,-0.09588269,0.77689415,-0.13827223,0.8451515,0.19375919,1.0516734,0.22077177,0.742281,0.0505259,0.55594957,-0.022765214,0.6410456,0.35033825,0.78405875,0.32323077,0.5801859,0.17377159,0.4522572,0.11467153
1,0.0,0.0,0.24483386,-0.22661489,0.57152647,-0.35329986,0.8478593,-0.23116492,1.0295433,-0.0050366293,1.0800968,-0.22766925,1.4821223,-0.21893322,1.7301168,-0.20321468,1.9426094,-0.16913402,1.0,-3.6633172e-09,1.2978396,0.0038526398,1.0464131,-0.07875461,0.8424888,-0.13097338,0.8529003,0.19417137,1.0521603,0.24066094,0.7599074,0.08222953,0.5712641,-0.0034456484,0.66321796,0.3554175,0.79760504,0.35604066,0.601811,0.2070828,0.465933,0.12769543
1,0.0,0.0,0.21003172,-0.24117173,0.4867596,-0.39021385,0.74369866,-0.2946504,0.95985836,-0.09442711,1.0663121,-0.27314568,1.4967182,-0.33355284,1.7742962,-0.3552623,2.0168738,-0.34096175,1.0,5.8575537e-08,1.2757919,0.07080096,0.94447213,0.018945247,0.7021025,-0.041097514,0.8589267,0.2275706,1.0385544,0.32197425,0.70629996,0.18297532,0.4961647,0.057308927,0.6752513,0.4036373,0.77841437,0.4407611,0.55522627,0.29575458,0.39658698,0.16532287
2,0.0,0.0,0.17679198,-0.26675516,0.4880492,-0.3035096,0.69446784,-0.023931654,0.82988375,0.24039783,0.97832966,-0.26388314,1.3779181,-0.35451934,1.6189266,-0.4039859,1.8448929,-0.4225372,0.99999994,5.5823875e-08,1.4908017,0.045398023,1.7592294,0.09189611,1.9837054,0.1426338,0.88989484,0.21103415,1.1783297,0.3146513,0.94690645,0.19959068,0.77088743,0.11005377,0.70017165,0.38236183,0.8218139,0.44285253,0.65166783,0.31417844,0.50419074,0.21457042
2,0.0,0.0,0.16684665,-0.26302546,0.46561646,-0.2972353,0.6734451,-0.013425958,0.81485176,0.26290885,0.9728924,-0.2651555,1.3752588,-0.35970408,1.6198863,-0.4154305,1.8518916,-0.44139183,1.0,4.9850627e-08,1.4905461,0.053242926,1.7623618,0.11104832,1.9975127,0.16955835,0.8936174,0.2089411,1.1682578,0.3287082,0.9346271,0.2261507,0.75971425,0.13397078,0.71123004,0.37420782,0.8091529,0.4487181,0.6452623,0.33802164,0.5089331,0.24122149
2,0.0,0.0,0.15244201,-0.2731166,0.4659385,-0.31511724,0.65285164,-0.0055158595,0.7787729,0.28029245,0.9936457,-0.27856988,1.3921446,-0.3940918,1.6396186,-0.47369087,1.8598922,-0.51779824,1.0,3.606395e-08,1.4509622,0.1838265,1.7133675,0.32071197,1.9311477,0.44621232,0.8815203,0.2081821,1.1181146,0.35896626,0.90031993,0.24067661,0.72680193,0.1472809,0.6944656,0.3716424,0.8060304,0.4518968,0.6583427,0.34819806,0.526559,0.2673635
2,0.0,0.0,0.16874118,-0.24244857,0.46841872,-0.22764292,0.65604895,0.077894196,0.8170254,0.37040752,1.0092978,-0.28111348,1.4285856,-0.38203523,1.6884836,-0.4463303,1.919757,-0.47758234,1.0000001,3.8461298e-08,1.4879899,0.17226319,1.761201,0.3119048,1.9874797,0.43474168,0.8768699,0.22324023,1.1524276,0.39381996,0.91185546,0.29878473,0.74538755,0.21847543,0.68938965,0.40883043,0.8102896,0.52895874,0.65034926,0.4448679,0.52385324,0.34754387
2,0.0,0.0,0.18300924,-0.19710934,0.4817013,-0.16978398,0.67809254,0.11598216,0.8428445,0.35326493,0.9893445,-0.26144254,1.3860958,-0.3294836,1.6243309,-0.37188616,1.844261,-0.39071795,1.0,-4.4906646e-08,1.4809272,0.06239651,1.751003,0.12826738,1.9813908,0.18929292,0.8843272,0.20515662,1.1760647,0.34887022,0.9584861,0.26804668,0.8101556,0.18655093,0.70293576,0.36618522,0.84996706,0.49467605,0.7255611,0.43132162,0.6335107,0.35237125
2,0.0,0.0,0.1827368,-0.22115152,0.47358277,-0.19764058,0.66916573,0.102536,0.83182997,0.36198196,0.9780578,-0.26537076,1.3897073,-0.30670694,1.6355611,-0.3233338,1.8650708,-0.32607004,1.0,4.8088296e-08,1.4960155,0.040506065,1.773914,0.094972566,2.0150576,0.14617878,0.8943603,0.20416991,1.1930795,0.34101054,0.9760298,0.26702094,0.83158976,0.1880042,0.7217735,0.36115313,0.85999155,0.48407054,0.7426226,0.4402544,0.66355973,0.37611836
2,0.0,0.0,0.15996864,-0.22383851,0.45719203,-0.19321233,0.6568248,0.12203659,0.8223999,0.4007725,0.99483436,-0.2817735,1.388038,-0.36635295,1.6436591,-0.42230636,1.8789937,-0.45380676,1.0,5.0571487e-08,1.4705337,0.18223926,1.7308815,0.3306329,1.954506,0.45595282,0.8803215,0.21862459,1.1372623,0.38722283,0.91372186,0.30102897,0.7629911,0.21661754,0.6940469,0.3904839,0.8098686,0.51883096,0.671401,0.44264373,0.569661,0.35291684
2,0.0,0.0,0.17575884,-0.2722861,0.4581132,-0.41435578,0.671998,-0.29136235,0.8463885,-0.08376241,0.9990116,-0.24487433,1.358753,-0.38367027,1.5926249,-0.47112867,1.791653,-0.5104692,1.0,-1.1005371e-08,1.4282609,0.08376993,1.7113332,0.12479194,1.9371344,0.17760654,0.8864742,0.1778133,1.1262447,0.19636294,0.9330169,0.035990212,0.7529084,-0.064828426,0.6999882,0.31124118,0.7986696,0.2227751,0.66592145,0.040675085,0.5289429,-0.08253051
2,0.0,0.0,0.20104064,-0.1276411,0.47109836,-0.0024057636,0.6265882,0.32502085,0.78779984,0.5906185,1.0250387,-0.2532737,1.4378539,-0.29542345,1.7258849,-0.2968129,1.9808419,-0.2945527,1.0000001,-4.0804755e-09,1.5311086,0.11525856,1.8258705,0.27142978,2.0664594,0.38313097,0.8840985,0.20248917,1.1905942,0.42551407,0.95261204,0.46548527,0.7875959,0.42958724,0.73789734,0.3769739,0.8648951,0.5923631,0.6912365,0.65815693,0.5409155,0.61215115
2,0.0,0.0,0.20027934,-0.22040336,0.5020632,-0.24182203,0.70804614,0.019343914,0.8458582,0.26396912,0.9951642,-0.25900728,1.3907954,-0.3533617,1.6450275,-0.41012353,1.8741146,-0.44067633,1.0,1.3540676e-08,1.4544247,0.10795129,1.7281474,0.20286876,1.9587117,0.28433216,0.8839934,0.19959572,1.1403961,0.32455623,0.94951004,0.23521058,0.8021043,0.14309697,0.7021976,0.3550025,0.8329985,0.4670799,0.6930188,0.36069053,0.56508183,0.24830598
2,0.0,0.0,0.14758328,-0.24865925,0.42843008,-0.2721293,0.622513,-0.0052160555,0.7843095,0.25436747,0.9862756,-0.27242145,1.3956558,-0.34100753,1.6536633,-0.37336576,1.8888605,-0.382989,1.0000001,3.612189e-09,1.4641163,0.11226716,1.7383541,0.21894279,1.977457,0.3133781,0.8879805,0.2070658,1.1592716,0.35809675,0.9245552,0.26916006,0.74915224,0.18631272,0.707266,0.3755347,0.7976375,0.46738592,0.62564373,0.3610233,0.48621893,0.26377013
2,0.0,0.0,0.16959469,-0.2504666,0.4588529,-0.27608576,0.66810644,-0.011185362,0.8215166,0.23450114,0.976698,-0.2671667,1.3726345,-0.30954823,1.6265099,-0.3188374,1.8599327,-0.3064662,0.99999994,1.5620746e-08,1.4675841,0.07030841,1.7376148,0.14420697,1.9749644,0.21429233,0.89586663,0.20796949,1.1604387,0.327003,0.9211013,0.23087104,0.7447937,0.1437452,0.7117523,0.370773,0.83012563,0.45363727,0.6570697,0.34096843,0.509686,0.23770934
2,0.0,0.0,0.17780153,-0.236942,0.47541952,-0.25970852,0.68298846,0.0055628624,0.8485005,0.24406466,0.98765695,-0.26247332,1.391962,-0.32308912,1.6418304,-0.35335454,1.8720739,-0.36271605,1.0,-3.9436514e-08,1.4685644,0.094770335,1.7405097,0.18408138,1.9786557,0.2656425,0.8908066,0.20485339,1.163608,0.32189614,0.92840403,0.23356533,0.7490238,0.1567079,0.70970726,0.36933607,0.8523099,0.46266463,0.6795823,0.3431019,0.52459127,0.23743631
2,0.0,0.0,0.17795739,-0.22486281,0.47395802,-0.23159309,0.67897534,0.041156158,0.83985335,0.28409243,0.99233097,-0.2642325,1.3883703,-0.33304676,1.6391801,-0.36668363,1.8700299,-0.37835923,1.0,-3.7069363e-08,1.4600792,0.1108527,1.7298547,0.2116288,1.9644723,0.30280012,0.88855493,0.20110168,1.1643299,0.33793277,0.95590585,0.26475856,0.794122,0.19332476,0.7114316,0.36120552,0.8438811,0.4716804,0.6862638,0.37316605,0.54712105,0.27585346
2,0.0,0.0,0.17837882,-0.22300836,0.47637656,-0.21507052,0.6841744,0.067225866,0.84894997,0.32108366,0.99667937,-0.28254467,1.4048932,-0.34920427,1.6525798,-0.39279303,1.8801404,-0.41322324,1.0,1.07790596e-10,1.4587653,0.14726427,1.728044,0.27538982,1.9723735,0.39233306,0.88456947,0.21199317,1.1639423,0.36288682,0.93588656,0.2814292,0.7658832,0.20273727,0.7107232,0.37306878,0.8426033,0.48726565,0.68721706,0.40358412,0.5597008,0.31597427
3,0.0,0.0,0.20311618,-0.2836156,0.43282956,-0.5412155,0.613868,-0.733177,0.813502,-0.80431104,0.9416803,-0.1950866,1.129179,-0.44208175,1.036132,-0.61816543,0.8947886,-0.7335992,1.0,4.6979544e-08,1.4225713,-0.09439723,1.6734843,-0.2312211,1.8650949,-0.37009794,0.9404968,0.20227173,1.3605112,0.20912087,1.6264874,0.15687393,1.8485463,0.09842471,0.7879786,0.37020692,1.0593882,0.5222072,1.2637607,0.5868527,1.4698416,0.6267068
3,0.0,0.0,0.19928901,-0.28819516,0.42806673,-0.53989863,0.6101779,-0.7325534,0.80930203,-0.8193158,0.94179463,-0.19914412,1.1252476,-0.4513733,1.0321335,-0.6230073,0.89082074,-0.732735,1.0,-4.2417835e-08,1.4237808,-0.11538156,1.6931629,-0.24100913,1.9135333,-0.36115405,0.9373446,0.20158072,1.3620986,0.20620905,1.6447341,0.17900896,1.8874995,0.14628185,0.78150433,0.37259167,1.0570003,0.5213419,1.2650608,0.58907694,1.4786109,0.63587606
3,0.0,0.0,0.18915856,-0.28944677,0.40951532,-0.54600567,0.5785632,-0.74027044,0.77677625,-0.80480593,0.9345705,-0.20843945,1.1195194,-0.46990266,1.0167187,-0.6295133,0.8747759,-0.72977865,1.0,4.85057e-08,1.441017,-0.1604355,1.7325965,-0.30305764,1.976417,-0.4324443,0.93768436,0.20490819,1.3776252,0.24789892,1.6811354,0.2448183,1.9459431,0.23042613,0.78365964,0.37275347,1.0669008,0.54882324,1.2783893,0.6331481,1.5027218,0.6982908
3,0.0,0.0,0.24937643,-0.31732583,0.49075162,-0.54745126,0.6780584,-0.72074527,0.8999607,-0.7429557,0.97448146,-0.18570618,1.1727654,-0.42200115,1.0961322,-0.5777294,0.95685434,-0.67170095,1.0,-3.249032e-08,1.4711517,-0.06715279,1.780331,-0.1177196,2.0481777,-0.16129576,0.92380947,0.18304037,1.3882606,0.19236515,1.677954,0.20491879,1.9200318,0.21606797,0.7690187,0.33745068,1.0966617,0.4046337,1.3190874,0.44951543,1.5235293,0.49114636
3,0.0,0.0,0.22628929,-0.32112885,0.479723,-0.54192406,0.6663365,-0.6982197,0.88555586,-0.7127946,0.9903327,-0.20048364,1.2448516,-0.38286307,1.1367049,-0.51987296,0.98284286,-0.5968581,1.0,-3.3577972e-09,1.476664,0.005453288,1.7756999,0.017299345,2.0554657,0.026395516,0.9151743,0.17717238,1.3610009,0.20777777,1.6439712,0.22984052,1.898005,0.23903926,0.75202906,0.32358178,1.0967649,0.3775895,1.3251047,0.39430195,1.5284178,0.397951
3,0.0,0.0,0.19527224,-0.29110098,0.43960613,-0.5248801,0.62870365,-0.6701705,0.7793734,-0.6202211,0.9675728,-0.23103184,1.2206097,-0.35423923,1.1041476,-0.4561726,0.9291829,-0.5115429,1.0000001,4.8452392e-08,1.3717521,-0.01802788,1.5656303,-0.12638588,1.7018912,-0.24822722,0.9321497,0.2114523,1.2961738,0.2663914,1.5375175,0.22781436,1.7312242,0.16927521,0.7768376,0.3840671,1.0286471,0.5331485,1.2199686,0.58427143,1.4055716,0.6006483
3,0.0,0.0,0.19875571,-0.28946233,0.4645102,-0.51967233,0.6711949,-0.6693435,0.8813664,-0.6821194,0.93684065,-0.2092313,1.1709129,-0.36990735,1.1239207,-0.50125885,1.0106783,-0.57797897,1.0,2.934196e-08,1.4152498,-0.069325,1.6912042,-0.1585317,1.912613,-0.2397305,0.93986017,0.20136526,1.3468866,0.25908616,1.6224259,0.27609107,1.8662251,0.28049663,0.78041065,0.3732641,1.0475101,0.52106243,1.2462757,0.5888046,1.4472154,0.6290605
3,0.0,0.0,0.17977698,-0.28553924,0.43574467,-0.513155,0.6330404,-0.65450215,0.8337738,-0.6568517,0.924064,-0.22073777,1.1478096,-0.37963718,1.0772904,-0.5078254,0.94509697,-0.5807468,1.0000001,2.5307802e-08,1.3982171,-0.08346012,1.6634378,-0.18346778,1.8769616,-0.2715718,0.9419691,0.21195945,1.338262,0.28884783,1.6056052,0.31220388,1.8423595,0.3259732,0.7819778,0.3919843,1.0310619,0.560878,1.2182444,0.64008504,1.4159577,0.69454676
3,0.0,0.0,0.17810218,-0.28833914,0.43131837,-0.51990515,0.6234581,-0.66226065,0.81893945,-0.6577691,0.9252593,-0.22414817,1.1535578,-0.38352728,1.075353,-0.5111736,0.9385096,-0.5811421,1.0,-1.4318661e-08,1.3945688,-0.0918572,1.6578534,-0.1947854,1.8751087,-0.28212216,0.94456625,0.21529835,1.3388213,0.29162163,1.6094898,0.31768116,1.851596,0.33585486,0.7899301,0.40032473,1.047493,0.5646593,1.2319053,0.6440722,1.4279392,0.7020842
3,0.0,0.0,0.15014735,-0.28920212,0.3822176,-0.53148985,0.5748601,-0.67051196,0.7696754,-0.63462156,0.91395825,-0.24083816,1.1537983,-0.38816985,1.02225,-0.49979654,0.8467923,-0.5529254,1.0,-4.0964414e-09,1.4103528,-0.10318677,1.6935178,-0.20411672,1.943974,-0.28715736,0.9454553,0.22725947,1.3440874,0.3109061,1.6226555,0.36281312,1.8731111,0.4040736,0.7926367,0.41886353,1.0577829,0.6115327,1.2441008,0.71506983,1.4365705,0.7989312
3,0.0,0.0,0.16898419,-0.29440373,0.408784,-0.5421229,0.6018046,-0.71302927,0.82285994,-0.72260183,0.92224425,-0.22554281,1.1536,-0.41575125,1.0649416,-0.5524253,0.9270421,-0.6244231,1.0000001,-1.2194375e-08,1.4227418,-0.11823897,1.7092121,-0.22724584,1.9622487,-0.3234007,0.937105,0.2158309,1.3578718,0.28584692,1.6383579,0.32353622,1.892629,0.34437543,0.7735664,0.39771724,1.0446299,0.57804036,1.2477503,0.66563976,1.4578874,0.7229101
3,0.0,0.0,0.17186372,-0.2876012,0.42528498,-0.5279084,0.6244179,-0.7011468,0.8342722,-0.69879675,0.9221986,-0.21507433,1.1453001,-0.41267407,1.0697237,-0.5449965,0.945492,-0.6130125,0.99999994,6.0846844e-08,1.4160737,-0.121124305,1.6973274,-0.22756073,1.9451067,-0.3193222,0.93674874,0.2139563,1.3537018,0.2793897,1.6287487,0.31763345,1.8803777,0.34255698,0.7699004,0.3940487,1.0451214,0.5658226,1.2494383,0.652827,1.4611129,0.71527773
3,0.0,0.0,0.17745386,-0.28350642,0.42820606,-0.5250804,0.6277791,-0.693739,0.8365987,-0.6841703,0.9199772,-0.2178195,1.1497235,-0.4004817,1.0766785,-0.530794,0.95240325,-0.600482,1.0000001,3.0369968e-08,1.4093639,-0.11513323,1.6851361,-0.21937282,1.9248273,-0.31036183,0.9423037,0.21380205,1.3449177,0.2779178,1.6197284,0.31659788,1.8679179,0.34131545,0.78498745,0.39352903,1.0539743,0.5609522,1.2540617,0.6462685,1.4585644,0.70627564
3,0.0,0.0,0.16966246,-0.2824064,0.40787527,-0.5233681,0.6048463,-0.69042677,0.8235248,-0.6909676,0.9159125,-0.21853828,1.1371652,-0.3955591,1.0635259,-0.5320365,0.94033074,-0.6094514,1.0,3.888972e-08,1.4135538,-0.11064348,1.6915528,-0.22105163,1.9304318,-0.32008862,0.9440883,0.21056798,1.3483093,0.2789244,1.6231085,0.31551293,1.8690171,0.33730206,0.7904739,0.3853387,1.0619625,0.5454581,1.259907,0.62837875,1.4615119,0.68898803
3,0.0,0.0,0.18472415,-0.29517195,0.4388879,-0.537093,0.6391851,-0.7020483,0.8492477,-0.70250833,0.92729545,-0.22029889,1.1514105,-0.39692038,1.0786214,-0.54029775,0.95213723,-0.6261943,1.0,4.5682004e-08,1.4186318,-0.11395458,1.7022507,-0.23197053,1.9381816,-0.3357541,0.9436352,0.2117784,1.3584548,0.26969635,1.6449007,0.28949282,1.8963612,0.2982041,0.7914316,0.39277613,1.0623312,0.5529131,1.2627684,0.63312453,1.4700655,0.691391
4,0.0,0.0,0.1934282,-0.22859178,0.47741628,-0.22467138,0.6562568,0.05733368,0.7558786,0.31645346,0.96990114,-0.25410938,1.3536918,-0.36573058,1.6131314,-0.4212647,1.8487804,-0.44830096,1.0000001,3.5313743e-08,1.4659698,0.00068556034,1.7466428,0.017546035,1.9942074,0.036087614,0.91575325,0.21614641,1.3097956,0.32432142,1.560775,0.3983626,1.8041006,0.4675792,0.74168026,0.4039421,0.93783,0.60994154,1.0669786,0.7766534,1.208422,0.90857744
4,0.0,0.0,0.19149145,-0.23835345,0.46718535,-0.25180295,0.6465909,0.020894324,0.7469531,0.28621575,0.9650794,-0.25344518,1.3350906,-0.35827467,1.5911942,-0.39222008,1.8177466,-0.4064312,1.0000001,1.5098795e-08,1.4658984,0.016715238,1.7467101,0.04153532,1.9896514,0.060235612,0.9213252,0.21476243,1.3178787,0.29951143,1.5756654,0.3656939,1.8091933,0.4297805,0.75370646,0.39980367,0.9893575,0.565713,1.1450677,0.7044875,1.2941866,0.81928444
4,0.0,0.0,0.22964278,-0.25089273,0.54787487,-0.24698861,0.7185975,0.049989235,0.770371,0.3102187,0.97196716,-0.25341043,1.3434144,-0.34179136,1.5939593,-0.3707478,1.815289,-0.3810551,1.0,4.0569603e-08,1.4553224,0.022812957,1.7418197,0.045200538,1.9877323,0.061490797,0.9182356,0.21198897,1.3090293,0.31767985,1.5718869,0.38401878,1.8104688,0.44324946,0.75043833,0.39693993,0.9656719,0.5902408,1.11611,0.7366889,1.2639077,0.85835385
4,0.0,0.0,0.20537047,-0.26349837,0.51420486,-0.28359237,0.68278307,0.007626524,0.7590421,0.27316296,0.9605916,-0.25770777,1.3499751,-0.3214106,1.608487,-0.33024982,1.8419453,-0.3265709,1.0,-5.2079503e-08,1.4671845,0.024148747,1.7594297,0.04688523,2.0145044,0.062007375,0.92681885,0.21103099,1.3444809,0.303805,1.6181784,0.35521394,1.8674686,0.3965225,0.7656683,0.39348736,1.0216581,0.55867314,1.2054633,0.67359394,1.3812201,0.7648239
4,0.0,0.0,0.16959056,-0.27356818,0.47452784,-0.29065752,0.6556941,0.0057112076,0.7367375,0.29248485,0.9570985,-0.26087654,1.3493834,-0.32502598,1.6107321,-0.33279017,1.8474928,-0.32876,1.0,-1.857627e-08,1.4703723,0.029692307,1.7646227,0.059430446,2.0274968,0.08395336,0.9222168,0.22086136,1.3361422,0.32661322,1.6046938,0.39550093,1.8559915,0.45921904,0.75647855,0.40441185,1.0138094,0.5666018,1.1913682,0.6886159,1.3628286,0.79574513
4,0.0,0.0,0.20079719,-0.2547984,0.49989432,-0.26993182,0.6599061,0.012313573,0.73398775,0.2797815,0.9617924,-0.25677896,1.3463993,-0.3307874,1.6128467,-0.34744358,1.8483785,-0.3485375,1.0,-9.2061214e-10,1.4656701,0.016102811,1.7624649,0.041159928,2.025248,0.06184768,0.9238195,0.21576531,1.3339787,0.32114512,1.6007811,0.3963342,1.8482472,0.46394762,0.75608075,0.4033917,1.0029572,0.5748543,1.1762631,0.7077134,1.3435981,0.8155144
4,0.0,0.0,0.20348686,-0.24019213,0.5133449,-0.24037834,0.68630934,0.0378702,0.7633349,0.29891557,0.9678716,-0.24311398,1.3335183,-0.32476574,1.5847378,-0.34559685,1.804283,-0.34936932,1.0,-3.943555e-08,1.4456745,0.01548552,1.7277567,0.044403672,1.9672892,0.06744625,0.9183051,0.20382062,1.3189516,0.30018267,1.5757307,0.37516433,1.808442,0.44325858,0.7512483,0.38115597,0.99766004,0.5421924,1.1673778,0.66892725,1.3280472,0.77591753
4,0.0,0.0,0.18785428,-0.27001745,0.49669996,-0.33277723,0.7080448,-0.10942913,0.8332644,0.115313135,0.9713171,-0.2449797,1.3559949,-0.3269879,1.613639,-0.3541673,1.8439558,-0.3670297,1.0,3.2123957e-08,1.4470284,0.027430708,1.7336937,0.049035534,1.9806596,0.06102991,0.9102772,0.19598152,1.3186876,0.2961066,1.58651,0.3580413,1.8332514,0.40780985,0.7413839,0.35822338,0.9844891,0.5106326,1.1708666,0.6170369,1.3524722,0.7064931
4,0.0,0.0,0.19003834,-0.25973582,0.493714,-0.32916775,0.7045826,-0.10203988,0.8279063,0.13524233,0.97429633,-0.24079068,1.3552548,-0.31483203,1.6052914,-0.33650315,1.8314065,-0.34426555,1.0,1.1459544e-09,1.4369737,0.03643984,1.7150366,0.06598948,1.9554237,0.0866223,0.9092108,0.19156031,1.3078213,0.29073513,1.5675569,0.34874535,1.8063331,0.39598334,0.73900473,0.35176483,0.972959,0.50370836,1.1538581,0.61129904,1.3315935,0.7015066
4,0.0,0.0,0.22507496,-0.23489498,0.5243843,-0.22216111,0.6995455,0.06123484,0.79133016,0.3237168,0.9785974,-0.23819955,1.3585795,-0.31888628,1.613309,-0.33171797,1.8346779,-0.32852918,1.0,4.9024376e-08,1.4538213,0.010079307,1.7336919,0.044755008,1.9696457,0.06928087,0.9220012,0.19545044,1.3207314,0.2834237,1.5763267,0.35452184,1.810656,0.41813755,0.7611805,0.38082728,0.9991684,0.5450615,1.1634051,0.6746458,1.323451,0.77592015
4,0.0,0.0,0.1534456,-0.19603945,0.4135758,-0.16851458,0.61635834,0.09756516,0.7513762,0.35565546,0.9627779,-0.23556198,1.3590987,-0.28505215,1.6238707,-0.28752524,1.8566997,-0.28189158,0.9999999,2.2332639e-08,1.46921,0.013360464,1.7468448,0.05295937,1.9812487,0.07768136,0.93617326,0.201334,1.3427489,0.28546524,1.5906581,0.3587288,1.8305079,0.42154244,0.79232794,0.38329723,1.0408455,0.5412731,1.1997195,0.66787726,1.3581139,0.76555955
4,0.0,0.0,0.13894363,-0.21483356,0.3974117,-0.20020773,0.5915797,0.055017423,0.75344753,0.34662592,0.9704903,-0.25101712,1.3941132,-0.28361678,1.6794316,-0.28485012,1.9304199,-0.2909354,1.0000001,-1.2171458e-08,1.5125775,0.034293797,1.815267,0.07630737,2.0708272,0.09491258,0.93329537,0.22054873,1.366231,0.3185489,1.6257681,0.39648068,1.8947469,0.46668047,0.79451156,0.418736,1.0452433,0.5879424,1.21257,0.7267669,1.3896452,0.8307385
4,0.0,0.0,0.21990505,-0.23862785,0.5275681,-0.23047055,0.70382905,0.059547175,0.79692185,0.30960613,0.9738922,-0.24470018,1.3654133,-0.32390636,1.6327788,-0.3443345,1.8681202,-0.347235,1.0,5.2851195e-08,1.4732444,0.007875466,1.7654071,0.029175015,2.0171807,0.050954983,0.92231876,0.20328036,1.3280214,0.28453657,1.5933373,0.34538707,1.8375814,0.4019167,0.7568638,0.38440198,0.9864706,0.5393783,1.1526085,0.6643583,1.3167285,0.7642294
4,0.0,0.0,0.2205973,-0.23019384,0.5378778,-0.22634849,0.7221904,0.050855167,0.7985466,0.30037063,0.9736763,-0.24092314,1.3502517,-0.3236832,1.6118675,-0.34345588,1.842101,-0.3458924,1.0,-2.984837e-08,1.4551793,0.010909718,1.7373456,0.03514624,1.9809784,0.053846378,0.91786534,0.20081598,1.3099276,0.2833033,1.5690094,0.34217134,1.8041649,0.3928917,0.75057423,0.37837318,0.97242945,0.53609234,1.1339229,0.6550229,1.2936635,0.7513724
4,0.0,0.0,0.18467861,-0.23221202,0.4654312,-0.24612407,0.6603875,0.025836783,0.7791226,0.29866263,0.9719565,-0.2530052,1.3680449,-0.33123097,1.632899,-0.34667587,1.8728689,-0.3450053,0.9999999,6.203884e-08,1.4754505,0.0152774,1.7587092,0.04278625,2.008493,0.06855063,0.91858697,0.21306802,1.3219538,0.29677248,1.5838112,0.3581291,1.8381858,0.41781083,0.75182503,0.39575285,0.9932352,0.54393244,1.1591995,0.6703776,1.3258224,0.76986337
5,0.0,0.0,0.18026815,-0.3226739,0.4262339,-0.58474076,0.67356354,-0.78277,0.867497,-0.98188394,0.96712655,-0.22037299,1.340702,-0.2728983,1.5694463,-0.29226452,1.7833521,-0.30072725,1.0,3.2385486e-08,1.4166193,0.024572842,1.6832123,0.036918897,1.9145992,0.05211125,0.93194205,0.18364617,1.3094754,0.24932037,1.5545118,0.27633575,1.7712532,0.29370728,0.7952555,0.34948093,1.0646536,0.45080408,1.2449389,0.5068819,1.4194764,0.5558842
5,0.0,0.0,0.15938292,-0.33037868,0.38491535,-0.61870533,0.6007574,-0.85316414,0.766427,-1.0781122,0.95501816,-0.23234206,1.3279641,-0.30955318,1.5705713,-0.3374039,1.795114,-0.3535734,1.0,4.3467008e-08,1.4301759,0.011314675,1.6981746,0.023534248,1.930596,0.045834046,0.9347018,0.19635144,1.3132846,0.27207857,1.5621809,0.31197858,1.790301,0.3463906,0.8005358,0.3718496,1.0573007,0.49918842,1.2313657,0.5778811,1.4093043,0.6500788
5,0.0,0.0,0.15995741,-0.33633506,0.39075774,-0.63217264,0.59411645,-0.87367254,0.73369473,-1.1023878,0.9533159,-0.24201395,1.3113983,-0.33514905,1.5417932,-0.38714382,1.7451338,-0.43576163,1.0,1.9384679e-08,1.4276627,-0.00067123625,1.6938311,0.0010279097,1.918165,0.008229613,0.92012024,0.21351853,1.2831137,0.33223328,1.5281454,0.40840927,1.7484046,0.47334287,0.75863135,0.38942876,0.94040376,0.60670394,1.0694915,0.76303744,1.2099878,0.9057357
5,0.0,0.0,0.1343035,-0.34329462,0.3539855,-0.62468976,0.57763577,-0.79583436,0.7914071,-0.9261152,0.95319945,-0.25110152,1.317636,-0.35014907,1.5592314,-0.40714455,1.7737731,-0.45455366,1.0,6.388218e-08,1.436841,-0.0056364336,1.7105265,-0.008995845,1.9529768,-0.007689364,0.9202829,0.21788412,1.291036,0.35785902,1.5385488,0.4480835,1.7677038,0.5235283,0.7565681,0.39636883,0.95834905,0.614994,1.0941651,0.76880544,1.241504,0.90986496
5,0.0,0.0,0.13637039,-0.33320627,0.36855465,-0.6096641,0.5978907,-0.7738913,0.801603,-0.90700006,0.959982,-0.25055796,1.3189719,-0.33638856,1.5569247,-0.38213748,1.7687801,-0.41657007,1.0000001,1.5615882e-08,1.4211044,-0.0018366618,1.6847372,0.0038723375,1.9139556,0.015027123,0.9181939,0.21996352,1.2800198,0.35240108,1.522826,0.44239983,1.7447525,0.5203749,0.75359076,0.40290946,0.9390096,0.6247817,1.0654945,0.7833712,1.2032658,0.9304166
5,0.0,0.0,0.1386151,-0.3526965,0.3676822,-0.63035446,0.600155,-0.8056538,0.8151553,-0.93746954,0.96103257,-0.2551713,1.3159302,-0.32470584,1.5537227,-0.35554135,1.7606156,-0.37234536,1.0000001,-2.8894735e-08,1.4228488,0.024145748,1.6869975,0.04796707,1.9138267,0.07259734,0.91799617,0.21848612,1.2861528,0.36311418,1.5262607,0.4583998,1.7514453,0.53835136,0.7582895,0.40171397,0.966135,0.61841035,1.1052444,0.7664903,1.2586972,0.9036292
5,0.0,0.0,0.16088946,-0.3590768,0.41232714,-0.63920844,0.67041284,-0.8135095,0.90451956,-0.9581442,0.9725141,-0.24835944,1.3634156,-0.3138961,1.6247236,-0.3357059,1.8558781,-0.34788457,1.0,-3.083486e-08,1.4384514,0.028504621,1.7132206,0.052973192,1.943671,0.07152292,0.9180585,0.21468829,1.299138,0.3147744,1.5563115,0.37021908,1.7903419,0.41573554,0.76702434,0.40948796,0.98630714,0.6159588,1.1323736,0.75424,1.2871825,0.87753344
5,0.0,0.0,0.14469807,-0.3622679,0.37970635,-0.6550817,0.62571007,-0.88855237,0.85145813,-1.0866109,0.9781249,-0.25649065,1.3661737,-0.32512242,1.6382883,-0.3563179,1.8637261,-0.38342944,1.0000001,-5.122025e-08,1.4532826,0.037693925,1.7376267,0.06347974,1.9783446,0.083882205,0.906678,0.22667912,1.2934825,0.38997597,1.5463539,0.49081564,1.7887574,0.57478255,0.7511038,0.42070174,0.97177404,0.6464067,1.1163623,0.7988937,1.2785476,0.9398763
5,0.0,0.0,0.17161486,-0.32239822,0.42879227,-0.5986585,0.6701876,-0.79704237,0.84981084,-0.9931121,0.96585464,-0.23884197,1.3277241,-0.31931034,1.5729748,-0.35246173,1.7994629,-0.37836006,1.0,-4.2540933e-08,1.4229819,0.019894369,1.6957574,0.028296405,1.9286233,0.033720877,0.91511357,0.20374988,1.2845988,0.3107956,1.5423781,0.375538,1.7733616,0.4247751,0.75078326,0.3727198,0.9595717,0.5672345,1.106571,0.7001026,1.2588893,0.81124127
5,0.0,0.0,0.17671256,-0.3376785,0.43410334,-0.61269027,0.6698406,-0.8069341,0.8565953,-1.0033156,0.97354245,-0.2375504,1.3429761,-0.31300285,1.580258,-0.34615883,1.8014915,-0.37657338,1.0,2.8710167e-08,1.4340961,0.029037353,1.7112648,0.035936892,1.9507539,0.03828712,0.91049653,0.19886449,1.2970108,0.30988333,1.5588382,0.36933985,1.7970893,0.41803923,0.7426077,0.36873478,0.9499992,0.5652851,1.0916392,0.70238423,1.2447045,0.8243834
5,0.0,0.0,0.13184333,-0.32459515,0.35606223,-0.61729765,0.57942456,-0.846052,0.7430474,-1.0708617,0.9458184,-0.23783398,1.3255817,-0.31043667,1.5796586,-0.33615443,1.8070583,-0.35475817,0.9999999,3.1062157e-08,1.4367148,0.021422742,1.7118903,0.042785715,1.9489386,0.06707044,0.9302604,0.2059995,1.3056763,0.3294369,1.5599957,0.4066399,1.7882012,0.46932423,0.7801204,0.3807881,0.9863017,0.5994712,1.119322,0.75433946,1.2584056,0.89168274
5,0.0,0.0,0.1249945,-0.2987095,0.31313455,-0.5732609,0.5178068,-0.7808536,0.65225416,-0.98682755,0.93797785,-0.21933568,1.3092577,-0.2882434,1.5543091,-0.31174403,1.7707356,-0.32171795,1.0,-3.4987824e-08,1.4184885,0.012136718,1.6760894,0.02969949,1.893978,0.050869986,0.9347648,0.18982135,1.2939379,0.29901287,1.5325571,0.37096372,1.7429512,0.43183094,0.7864409,0.35063285,0.9974232,0.53658664,1.1348202,0.6599694,1.2722594,0.77054024
5,0.0,0.0,0.14891355,-0.34636208,0.37774798,-0.6408893,0.6226601,-0.85260415,0.8009928,-1.0654118,0.9557909,-0.24471715,1.3430932,-0.32161954,1.5966988,-0.3408111,1.8249148,-0.34446096,1.0,-4.88197e-08,1.4360583,0.024893124,1.7023594,0.04488315,1.9300748,0.06793934,0.9196321,0.20744823,1.2863215,0.32845497,1.5347024,0.40927324,1.7551001,0.48287806,0.76138407,0.38314936,0.9725428,0.5856488,1.1128305,0.72115266,1.2595521,0.8447671
5,0.0,0.0,0.15418003,-0.32830185,0.4022104,-0.6096631,0.6451286,-0.806504,0.8280002,-1.0045489,0.9574003,-0.24497516,1.3155555,-0.32617602,1.5485797,-0.35589096,1.7636675,-0.36987552,1.0,2.1857878e-09,1.4132485,0.016428798,1.6736382,0.027381705,1.8970551,0.04066809,0.91765314,0.20677797,1.2813114,0.3110654,1.5241235,0.37330815,1.739943,0.42754528,0.75448465,0.37787542,0.96485275,0.5666517,1.1085781,0.6949017,1.2544593,0.8066883
5,0.0,0.0,0.1583871,-0.33371708,0.40622956,-0.6113243,0.6523966,-0.80487967,0.84305847,-1.0031369,0.96053016,-0.24431227,1.3175144,-0.31812721,1.5507615,-0.34606335,1.7681023,-0.36256018,0.9999999,2.8607841e-08,1.4135302,0.019540085,1.6757476,0.030410893,1.9057621,0.042998686,0.91707337,0.20600063,1.2758267,0.31641892,1.5199782,0.3771805,1.7407992,0.4294171,0.7543974,0.3770263,0.96528685,0.56937355,1.1103451,0.7000265,1.2591145,0.8159025
6,0.0,0.0,0.38283476,0.32011488,0.8624601,0.61112654,1.2111031,0.8639538,1.3292888,1.1689883,1.1380477,0.304312,1.5874155,-0.11225783,1.3902919,-0.116040334,1.2181422,0.0112509895,1.0,-5.7014226e-08,1.4554205,-0.44916198,1.2532809,-0.40808043,1.0719905,-0.25546378,0.8118548,-0.28454933,1.2039778,-0.6897503,1.0277362,-0.6218372,0.86627465,-0.4629366,0.60638857,-0.52855283,0.8901117,-0.8320089,0.7428559,-0.7454591,0.6040948,-0.5992261
6,0.0,0.0,0.38187444,0.36123917,0.8418218,0.64477366,1.1764514,0.90265024,1.2800883,1.2063797,1.1161655,0.31820443,1.5529904,-0.05336023,1.3655611,-0.052818503,1.191261,0.052486412,0.99999994,7.153117e-08,1.4336162,-0.39997795,1.2406263,-0.35487482,1.0554782,-0.22376354,0.83136106,-0.29845756,1.1989286,-0.63878477,1.0405602,-0.5665139,0.8673584,-0.42591462,0.6394785,-0.53539795,0.8805562,-0.77925754,0.74104166,-0.6909793,0.60324186,-0.5617227
6,0.0,0.0,0.35987914,0.36919698,0.80002385,0.6832871,1.1158867,0.96149486,1.1999828,1.2694837,1.111392,0.33535922,1.566767,-0.027910022,1.3791753,-0.031287327,1.2008599,0.07483362,0.99999994,9.980515e-08,1.450074,-0.3754769,1.2468581,-0.32831782,1.0548922,-0.1941902,0.83544886,-0.30282015,1.2072966,-0.6222726,1.0354371,-0.5435563,0.8602855,-0.40456948,0.641789,-0.55055386,0.90741974,-0.7715482,0.7572154,-0.6800444,0.60924464,-0.5546164
6,0.0,0.0,0.36396018,0.3601572,0.7869179,0.6380948,1.1056863,0.89605737,1.2042454,1.1939884,1.1103613,0.30769166,1.5024883,-0.048983853,1.3281753,-0.028133491,1.1682298,0.0703547,1.0,1.2622186e-07,1.387111,-0.36538604,1.2011042,-0.30505654,1.0360597,-0.19078699,0.8300898,-0.29171488,1.1538172,-0.5853342,1.0082684,-0.500166,0.842238,-0.37610292,0.63523823,-0.52043504,0.8629149,-0.726783,0.7287738,-0.6288066,0.59511966,-0.51721144
6,0.0,0.0,0.38680813,0.34107095,0.8132079,0.6208699,1.1257266,0.87289286,1.2236358,1.1603674,1.1191663,0.29725012,1.5241368,-0.07857545,1.340543,-0.07127007,1.1753622,0.03979851,1.0,3.687724e-09,1.4132547,-0.3916847,1.21586,-0.34111324,1.0385865,-0.21348028,0.8224678,-0.27927467,1.1799127,-0.62454635,1.0139902,-0.5463187,0.8456103,-0.40912086,0.6202753,-0.5107853,0.88976324,-0.7586348,0.74908036,-0.6671262,0.60863924,-0.54516983
6,0.0,0.0,0.3682963,0.36352992,0.781005,0.6512072,1.0767311,0.9269403,1.163144,1.2208579,1.0933433,0.31884384,1.5259433,-0.023637617,1.373331,-0.05129818,1.2130108,0.04180416,1.0,-1.0788609e-07,1.4586614,-0.3520556,1.2804167,-0.33602998,1.1024493,-0.21890666,0.8488124,-0.30173677,1.241825,-0.60997254,1.0880209,-0.555203,0.9119542,-0.42750558,0.662584,-0.54162514,0.93198663,-0.75916433,0.7980541,-0.68119526,0.65967643,-0.5610083
6,0.0,0.0,0.36373046,0.35437143,0.78141296,0.6447679,1.0795008,0.90549815,1.1691605,1.1911294,1.1026596,0.31056446,1.4903214,-0.043625597,1.3064,-0.037153296,1.1439797,0.07149721,1.0,9.4363756e-08,1.3848555,-0.35411546,1.198738,-0.31132594,1.0312867,-0.19321151,0.8405204,-0.28903642,1.1547987,-0.5967587,1.0007762,-0.52398354,0.8411046,-0.39317045,0.6539321,-0.5191027,0.88036543,-0.7363747,0.73608583,-0.64712393,0.6025377,-0.5247812
6,0.0,0.0,0.3704357,0.34707683,0.7853011,0.6265174,1.0958279,0.8802296,1.1843836,1.1697173,1.104422,0.30672,1.488099,-0.05457598,1.3009881,-0.042625356,1.1429137,0.068296686,1.0,1.3729398e-07,1.3774012,-0.3626239,1.1925701,-0.3148391,1.0295539,-0.19777413,0.8372946,-0.29038665,1.1528729,-0.5987657,1.002312,-0.5252719,0.8410854,-0.39777908,0.65056044,-0.5189228,0.88248307,-0.7333413,0.74661905,-0.64627093,0.61183757,-0.53460544
6,0.0,0.0,0.56445205,0.16345948,1.1802351,0.3096027,1.6099607,0.48738092,1.8454895,0.7821648,1.2919573,0.19996807,1.6316758,-0.49335757,1.3780274,-0.45888624,1.2410699,-0.25015205,1.0000001,-7.7512425e-08,1.3299117,-0.7798609,1.0991864,-0.6846115,0.9565986,-0.46883893,0.67679304,-0.22787005,0.9603339,-0.9256706,0.761531,-0.82142824,0.64938223,-0.603676,0.36784765,-0.44416913,0.5745474,-0.9843479,0.43041563,-0.8568349,0.3299193,-0.6466346
6,0.0,0.0,0.29306114,0.32548508,0.5905449,0.5643686,0.86289275,0.7723143,0.95228684,1.0265912,1.044075,0.24066482,1.1770864,-0.013965865,0.9940015,-0.041001722,0.87907434,0.010130465,1.0,7.747098e-08,1.0784026,-0.26533255,0.91226006,-0.24675092,0.7934184,-0.15718491,0.8757943,-0.2513551,0.9272351,-0.44669467,0.78953934,-0.3959839,0.6721467,-0.29182807,0.7608425,-0.4590342,0.77335507,-0.5811422,0.6346088,-0.5156583,0.53259623,-0.4296671
6,0.0,0.0,0.741857,0.40072227,1.6325039,0.7706575,2.1744604,1.1915773,2.4662995,1.7603614,1.4146562,0.4422245,2.1638358,-0.38912418,1.9485991,-0.24925078,1.7217879,0.03736157,1.0000001,1.12625315e-07,1.7812533,-0.9146112,1.6233698,-0.711482,1.3497692,-0.3951748,0.5878919,-0.40738946,1.2848938,-1.2094786,1.1503862,-0.9734962,0.9115464,-0.630437,0.24559334,-0.7297697,0.7302556,-1.3283721,0.64289695,-1.1149125,0.45857137,-0.8256243
6,0.0,0.0,0.32173714,-0.668719,0.93289596,-1.1055423,1.4316013,-1.2896639,1.8989519,-1.4300709,1.256664,-0.3952163,0.56972384,-1.05436,0.31941265,-0.9542277,0.43937638,-0.7254566,1.0,8.40603e-08,0.23492023,-0.7543986,0.10869144,-0.65617883,0.26483738,-0.44449627,0.6321415,0.28585082,-0.079444945,-0.41748485,-0.15811072,-0.3624069,-0.02422337,-0.16932149,0.23599257,0.4844039,-0.29104483,-0.04700462,-0.33356604,-0.061682686,-0.22082044,0.07888726
6,0.0,0.0,0.4040554,0.3697319,0.9131354,0.678359,1.2637514,0.9638422,1.3885853,1.3044364,1.1475836,0.34706086,1.6587961,-0.06902706,1.4614557,-0.041317888,1.2722585,0.09039658,1.0000001,-4.46974e-08,1.5255852,-0.41307476,1.328184,-0.33970076,1.1138803,-0.19764593,0.80696046,-0.32254413,1.2459128,-0.68132377,1.0768602,-0.5821131,0.89124304,-0.42912114,0.5978473,-0.58923787,0.91373324,-0.8403117,0.77304226,-0.7304839,0.61902755,-0.59627193
6,0.0,0.0,0.41368368,0.33295417,0.81432474,0.57674617,1.1195934,0.80218005,1.2393816,1.0726837,1.10097,0.2859986,1.4538084,-0.082333066,1.2716615,-0.112252116,1.1221257,-0.020757565,0.99999994,1.06477174e-07,1.3645886,-0.3643399,1.1780522,-0.3646166,1.0142123,-0.26129118,0.84466493,-0.2800831,1.1422983,-0.5926501,0.98731923,-0.5467892,0.8293721,-0.43511698,0.6673664,-0.5102403,0.85688835,-0.7232583,0.7257582,-0.6448237,0.6040733,-0.53501946
6,0.0,0.0,0.3146762,0.3597414,0.6428559,0.61836153,0.92785424,0.8600506,1.015871,1.136768,1.0655017,0.29602265,1.3075671,0.040279694,1.1676793,0.010232405,1.0457101,0.0665331,1.0000001,-5.0237286e-08,1.2445202,-0.24513932,1.0794986,-0.24376868,0.9390119,-0.16013683,0.87104106,-0.27926415,1.0844594,-0.45234224,0.94565135,-0.41134667,0.79728264,-0.3313007,0.72137296,-0.51093465,0.874038,-0.60938436,0.73965305,-0.5371369,0.6149094,-0.46401587
7,0.0,0.0,0.32680812,0.3762805,0.805509,0.6380445,1.1644105,0.9142182,1.3194593,1.2148119,1.0963889,0.33903503,1.7277769,0.03253789,2.1180456,-0.15033971,2.4224546,-0.30399826,1.0,3.2954652e-08,1.4843124,-0.38647857,1.2895594,-0.3083703,1.0505046,-0.1661458,0.83103627,-0.309596,1.2425956,-0.59927046,1.0595824,-0.49065962,0.8410545,-0.34606773,0.66328603,-0.55697954,0.9497483,-0.7364147,0.7577831,-0.62969685,0.5675317,-0.50803995
7,0.0,0.0,0.30407128,0.38690987,0.75386924,0.64420617,1.0842028,0.92318434,1.2011933,1.2114692,1.0686812,0.34006375,1.6770884,0.06208859,2.0437715,-0.11760434,2.3273978,-0.26541385,1.0,9.854108e-09,1.432634,-0.31691858,1.2436,-0.24777283,1.0159218,-0.12633061,0.85086286,-0.3019285,1.2186062,-0.5184051,1.0496973,-0.4267414,0.83380425,-0.31464362,0.7026034,-0.5359846,0.9546607,-0.6619288,0.7662619,-0.5721012,0.5806077,-0.4692339
7,0.0,0.0,0.3458368,0.337196,0.82602656,0.5777611,1.1736456,0.83546764,1.3447672,1.1130819,1.1147968,0.28807697,1.7209561,-0.020558015,2.0837593,-0.21479464,2.3641105,-0.37164903,1.0,1.5612555e-08,1.4478672,-0.42721283,1.2502685,-0.37329575,1.0327222,-0.22349098,0.8141014,-0.27765748,1.1994827,-0.6235561,1.0157918,-0.53299797,0.8219757,-0.38108552,0.62843376,-0.50777364,0.90573615,-0.7404997,0.72369194,-0.63909996,0.55096185,-0.508425
7,0.0,0.0,0.5577415,0.04267028,1.16438,0.013262961,1.6124216,0.054669395,1.8848201,0.3090517,1.2626752,0.056025375,1.7268339,-0.3441863,2.0441132,-0.58377516,2.3140187,-0.7821746,1.0,-1.0839856e-08,1.2023605,-0.8675106,0.9840749,-0.8275857,0.88156307,-0.5992896,0.66575503,-0.1391857,0.80754834,-0.9329296,0.6423247,-0.809549,0.6014401,-0.5531048,0.3334365,-0.28738198,0.4556889,-0.90248466,0.3378318,-0.7791685,0.28914854,-0.5517153
7,0.0,0.0,0.39884424,0.26489964,0.91828394,0.471704,1.2819028,0.7202158,1.4565305,1.0102669,1.155136,0.24495694,1.7847223,-0.07054514,2.168204,-0.27738026,2.4724753,-0.43816403,1.0,-7.802945e-08,1.4694271,-0.5963061,1.2353334,-0.55893034,1.0286136,-0.3683111,0.77268326,-0.25758213,1.1573668,-0.7970655,0.9517962,-0.69423234,0.7832114,-0.48816144,0.5396155,-0.4981219,0.83668715,-0.88762033,0.6674338,-0.77662796,0.52663237,-0.59355766
7,0.0,0.0,0.27660975,0.37899268,0.6009296,0.63208896,0.8566244,0.91417414,0.9315174,1.1934444,1.03489,0.2999284,1.5808146,0.105516344,1.9060172,-0.02965157,2.1635885,-0.13042101,1.0,1.3358014e-07,1.3687528,-0.21771988,1.1907147,-0.16060103,0.98956406,-0.061656184,0.8598282,-0.27373195,1.167775,-0.41303226,1.0111871,-0.3457304,0.81810325,-0.26298985,0.7022653,-0.4962903,0.9114548,-0.57117134,0.7492569,-0.4923174,0.5930275,-0.40174714
7,0.0,0.0,0.27108642,0.37156993,0.5793674,0.614475,0.8132418,0.8907703,0.87946165,1.1606299,1.0342073,0.27940583,1.529086,0.10167279,1.8062233,-0.012808969,2.0275104,-0.094667755,1.0,1.1684441e-08,1.2731584,-0.16051537,1.1195595,-0.091808,0.9566626,-0.00815645,0.862894,-0.2558694,1.0830985,-0.34175953,0.95224404,-0.28065798,0.7939162,-0.22039342,0.71453476,-0.45455018,0.86116993,-0.5035664,0.72493476,-0.43195677,0.5865424,-0.3618143
7,0.0,0.0,0.2639999,0.3857624,0.5882687,0.6280713,0.8441677,0.892595,0.92062,1.1515933,1.03258,0.29842117,1.5347065,0.09497724,1.817267,-0.04361783,2.0488734,-0.14957952,1.0,-5.7350153e-08,1.2794356,-0.17563671,1.1264693,-0.1099392,0.9568131,-0.023912892,0.8660351,-0.26060474,1.0892786,-0.337485,0.9660947,-0.2764232,0.8051086,-0.2174513,0.72655547,-0.45377448,0.88891554,-0.4907787,0.7600918,-0.42169422,0.621565,-0.35421377
7,0.0,0.0,0.31127068,0.38220575,0.7435009,0.6269707,1.0590852,0.90230113,1.1719877,1.1956041,1.0669119,0.32103127,1.6675694,0.040853,2.0175622,-0.12604569,2.288977,-0.25888497,1.0,5.358339e-08,1.4214376,-0.29174072,1.24626,-0.20849147,1.0301545,-0.094607934,0.8485806,-0.2900069,1.2066014,-0.48818856,1.0478036,-0.38203472,0.845171,-0.27513358,0.6927781,-0.50170064,0.9487707,-0.6198643,0.77805454,-0.52197266,0.6023665,-0.42506117
7,0.0,0.0,0.3005606,0.39217758,0.7247178,0.6332965,1.0434598,0.8928623,1.1546314,1.1770263,1.0657461,0.31576297,1.6435591,0.038691163,1.9812955,-0.13190843,2.2438173,-0.26372197,1.0,-4.6286214e-08,1.3833804,-0.2910736,1.2061216,-0.21630634,0.9979838,-0.102590896,0.8453888,-0.28697315,1.1649718,-0.4838511,1.0052907,-0.38397905,0.81140745,-0.27579015,0.68463904,-0.49980545,0.90908414,-0.61458194,0.74152195,-0.5217979,0.5782261,-0.42308834
7,0.0,0.0,0.2750027,0.40589836,0.7139177,0.6542443,1.0439335,0.92307377,1.141112,1.2229618,1.0571108,0.33339483,1.6403075,0.05641398,1.986324,-0.11596366,2.2567582,-0.25342607,1.0,5.6656102e-08,1.3761288,-0.28920665,1.1888788,-0.20545004,0.97896516,-0.08363116,0.85108984,-0.29250324,1.1612722,-0.49251804,0.99769574,-0.39278486,0.8002973,-0.2796423,0.6956653,-0.50639933,0.903843,-0.61931455,0.7245035,-0.53149515,0.5506737,-0.4295289
7,0.0,0.0,0.3171484,0.40048587,0.77819747,0.6817054,1.1152768,0.98515785,1.2220806,1.3024614,1.077411,0.34569365,1.7201083,0.07917239,2.1145535,-0.0819936,2.4159753,-0.21980174,1.0,1.2600376e-08,1.4957961,-0.3264436,1.3022139,-0.2491321,1.059099,-0.1261023,0.83665925,-0.31007636,1.2571898,-0.5623607,1.0820795,-0.4534225,0.8529328,-0.32566088,0.6711698,-0.55242896,0.96081626,-0.6985261,0.7805616,-0.6035471,0.5909329,-0.4900699
7,0.0,0.0,0.28807575,0.35100996,0.6525352,0.59329176,0.9229881,0.86037356,1.0208832,1.1267459,1.0580088,0.29644346,1.6237575,0.07561075,1.9553273,-0.04819171,2.2184231,-0.1482083,0.9999999,-4.8704997e-08,1.3667029,-0.26029995,1.1764209,-0.16855037,0.97688234,-0.052513815,0.8563651,-0.2723138,1.1549971,-0.4625601,0.98986113,-0.36359057,0.8031699,-0.2592312,0.7028502,-0.49170274,0.90972996,-0.60641116,0.7422083,-0.51275975,0.57858276,-0.41626137
7,0.0,0.0,0.28766668,0.33778238,0.63098484,0.5756836,0.8815824,0.84735614,0.97049546,1.1093483,1.050198,0.28866017,1.6045493,0.08475044,1.9280349,-0.03761064,2.1838224,-0.13378038,1.0,1.5725511e-09,1.3480821,-0.24966654,1.16096,-0.17471385,0.9676625,-0.066461824,0.86672467,-0.27166075,1.1457341,-0.4514451,0.98924583,-0.36708876,0.81151867,-0.2723383,0.72117984,-0.4894183,0.9049375,-0.5892127,0.7444127,-0.5063377,0.5899387,-0.42041728
7,0.0,0.0,0.26843864,0.3789895,0.60165554,0.60707,0.86983037,0.8512297,0.9742926,1.0955437,1.0407572,0.2872372,1.5559591,0.097696826,1.8483548,-0.033961125,2.0740833,-0.13351351,0.9999999,2.8677976e-08,1.3032333,-0.19409756,1.1386182,-0.11734719,0.9591363,-0.022137089,0.85361916,-0.25476494,1.0922788,-0.37032235,0.9505573,-0.28383225,0.7823154,-0.20783061,0.6874745,-0.4487609,0.8482253,-0.5213186,0.71078014,-0.43821022,0.5717682,-0.35837972
8,0.0,0.0,0.44587478,0.30286962,0.9783425,0.59965,1.3702345,0.8928934,1.5712966,1.2482691,1.1627032,0.2973209,1.877084,0.23980816,2.3512125,0.23709685,2.736755,0.21366823,1.0,5.328366e-08,1.7169398,-0.57296336,2.169671,-0.9195326,2.513863,-1.1994821,0.76828545,-0.3263078,1.2957828,-0.795481,1.0907235,-0.6347673,0.8784138,-0.4339068,0.53748935,-0.5926891,0.9376519,-0.92946434,0.76395935,-0.7770322,0.6153703,-0.59245956
8,0.0,0.0,0.49774176,0.34694436,1.0368012,0.6460258,1.4220893,0.93494946,1.6719944,1.2828225,1.1800331,0.32441333,1.918014,0.23420852,2.412373,0.21667786,2.8277712,0.1763382,1.0,7.496078e-09,1.7452986,-0.5844184,2.2164755,-0.93097353,2.573912,-1.2304022,0.77477896,-0.3578869,1.3068237,-0.8023811,1.1385037,-0.6107855,0.9282021,-0.3992627,0.557845,-0.6422105,0.9314858,-0.94382936,0.7781985,-0.7732254,0.64848757,-0.5933003
8,0.0,0.0,0.49814326,0.25032747,1.0635686,0.4947855,1.4648622,0.7514493,1.695062,1.0709169,1.1974792,0.26138517,1.8999094,0.13523857,2.3584528,0.087801345,2.7511654,0.02908449,1.0,-2.6285225e-08,1.6650226,-0.6381522,2.1171947,-1.0402688,2.4776833,-1.358259,0.7218284,-0.303032,1.1987292,-0.85297894,0.98852265,-0.6680811,0.7973679,-0.43135235,0.45838773,-0.54871386,0.82083887,-0.9528856,0.65625817,-0.79303175,0.52957505,-0.5918466
8,0.0,0.0,0.5276992,0.18254994,1.1173548,0.33997405,1.5418996,0.5119699,1.7773333,0.81278414,1.2296143,0.20444463,1.8641278,0.030784471,2.2876248,-0.040761657,2.6556606,-0.119763546,1.0,3.7771567e-08,1.5667617,-0.66991866,1.98276,-1.0862468,2.3178282,-1.4070668,0.67493063,-0.24731562,1.0111343,-0.8382456,0.81756157,-0.66706806,0.671602,-0.42170814,0.35809863,-0.457225,0.6253684,-0.91679496,0.49583626,-0.75365466,0.40942708,-0.52052885
8,0.0,0.0,0.4060445,0.31888348,0.91182864,0.60547125,1.2879807,0.8821056,1.4729583,1.2277119,1.1509603,0.2831888,1.8370785,0.189202,2.2803187,0.13191749,2.6350174,0.072691806,1.0,-4.4733824e-08,1.6659434,-0.5548866,2.095607,-0.892343,2.430685,-1.1470343,0.7664219,-0.2930984,1.2167127,-0.7300491,1.0126626,-0.5588038,0.82199323,-0.34948322,0.5371698,-0.52853316,0.8760747,-0.8590119,0.7166604,-0.71420336,0.5882159,-0.5291775
8,0.0,0.0,0.3580601,0.3700654,0.76933515,0.67060834,1.0461352,0.9589823,1.17021,1.2603471,1.0821033,0.3221557,1.7214237,0.25548625,2.114415,0.2097021,2.4271135,0.16870633,1.0,-2.6045846e-08,1.6281595,-0.40589374,2.0279753,-0.646539,2.3268752,-0.8277966,0.8368236,-0.30071953,1.2324815,-0.5615744,1.0590321,-0.4117446,0.87466514,-0.26967633,0.6548812,-0.54226613,0.9464692,-0.7092019,0.8192621,-0.5893819,0.6987637,-0.45635238
8,0.0,0.0,0.31398723,0.388566,0.72966665,0.695999,0.9923741,0.9868462,1.0787051,1.2700357,1.0433836,0.3414754,1.6672817,0.33667457,2.024878,0.31182417,2.3133686,0.29170594,1.0,-2.7949953e-08,1.5693115,-0.27400172,1.8872417,-0.42717436,2.1288683,-0.54468614,0.8778812,-0.27796316,1.2449735,-0.40214896,1.0869544,-0.25857612,0.9086705,-0.16770868,0.7302481,-0.5150097,1.0145831,-0.5491795,0.9098725,-0.4520094,0.77318555,-0.36639166
8,0.0,0.0,0.31863067,0.3629578,0.68555987,0.66391087,0.91701835,0.9518856,0.9878383,1.2274401,1.0192959,0.3258514,1.6016849,0.34943727,1.9253557,0.3440664,2.1864104,0.3429096,1.0,1.62698e-10,1.5275942,-0.20745282,1.8200951,-0.32043767,2.0500948,-0.41146109,0.8945464,-0.2641925,1.2171193,-0.33168638,1.0656824,-0.19138378,0.9016419,-0.11405143,0.7589651,-0.49502435,1.0227349,-0.487561,0.9364166,-0.39845473,0.82012147,-0.32861614
8,0.0,0.0,0.32414982,0.40358332,0.72746754,0.70272946,0.98034537,0.982533,1.0675966,1.2572324,1.0294666,0.33845297,1.6336572,0.3129142,1.9561356,0.28622383,2.2218475,0.26545653,1.0,5.204655e-08,1.5245383,-0.2577408,1.8209441,-0.38105208,2.0496943,-0.48938265,0.88653564,-0.26897958,1.2209752,-0.35323346,1.0559214,-0.18742247,0.88775045,-0.089779034,0.74118483,-0.49182752,1.0106871,-0.49451095,0.91389644,-0.36806756,0.7856155,-0.27159297
8,0.0,0.0,0.38995758,0.38034648,0.86802024,0.6793528,1.2107608,0.9589781,1.379431,1.2590103,1.112273,0.34077713,1.781271,0.24430497,2.1900966,0.16753994,2.5264885,0.09189804,0.99999994,-3.1441182e-08,1.6588085,-0.47798413,2.1038134,-0.7494013,2.4429069,-0.9616812,0.8266369,-0.32538778,1.2738513,-0.62157923,1.0948766,-0.44992977,0.91840225,-0.29229325,0.6499648,-0.5867021,0.9669392,-0.7426413,0.8309696,-0.5867723,0.712114,-0.43803585
8,0.0,0.0,0.46272644,0.26659837,1.0090737,0.5392497,1.3984876,0.8038139,1.5873238,1.1218585,1.1787392,0.2725681,1.8936942,0.1225189,2.3407395,0.030297443,2.7013469,-0.060672417,1.0,-7.382027e-08,1.7209331,-0.6072059,2.1874897,-0.9877052,2.5410826,-1.2826481,0.74923855,-0.30198744,1.2524997,-0.79626113,1.0475931,-0.6264685,0.8517657,-0.42271504,0.50925183,-0.5625485,0.90537095,-0.92668456,0.74329036,-0.7792739,0.5957511,-0.60411614
8,0.0,0.0,0.5045024,0.2488778,1.1127559,0.5067443,1.5510776,0.7603516,1.7894789,1.0962269,1.2070247,0.27029,1.9610614,0.07947821,2.4302604,-0.015382318,2.82162,-0.11685126,1.0,1.4807777e-09,1.7349633,-0.67550254,2.2128186,-1.1039135,2.5759966,-1.4467733,0.71371645,-0.30938983,1.2121133,-0.87759185,0.99611694,-0.6872289,0.7976772,-0.4569264,0.444959,-0.5741512,0.83193517,-0.99461275,0.6708103,-0.8315157,0.52947897,-0.63020957
8,0.0,0.0,0.5731353,0.23167048,1.2163148,0.43663046,1.6822523,0.6501327,1.9465727,0.979161,1.251864,0.25378567,1.9599246,-0.012066701,2.4221954,-0.14956772,2.8250048,-0.27913204,1.0,3.652112e-08,1.6801411,-0.75102246,2.1625137,-1.2119418,2.5254538,-1.575717,0.67013675,-0.30337974,1.1550455,-0.93594354,0.96807754,-0.7183255,0.79626346,-0.4418644,0.37427595,-0.56058246,0.7434792,-1.0400888,0.5990683,-0.86077124,0.48374325,-0.62657976
8,0.0,0.0,0.3832961,0.3129011,0.85555315,0.60378563,1.2075996,0.88222194,1.3862088,1.1966115,1.1195523,0.2885199,1.7419667,0.19207956,2.1455626,0.12834327,2.470276,0.059032768,1.0,-8.9041645e-09,1.6309795,-0.48544228,2.0609384,-0.7765157,2.381221,-1.0110879,0.80029774,-0.29687914,1.2129667,-0.669061,1.012651,-0.5217354,0.8233761,-0.35186523,0.59231645,-0.54521954,0.894009,-0.815526,0.74138427,-0.683836,0.6181479,-0.5315046
8,0.0,0.0,0.36942405,0.38383937,0.7523729,0.6913158,1.0070553,0.97011435,1.1176902,1.2467097,1.058707,0.35765958,1.6763446,0.34194717,2.055998,0.31764877,2.3568034,0.29962417,1.0,-3.9384638e-08,1.634607,-0.30231303,2.0263498,-0.46947116,2.313276,-0.60377663,0.8684508,-0.31946713,1.3211058,-0.49480674,1.1584969,-0.3464423,0.9609303,-0.23246998,0.7003993,-0.5764893,1.0387042,-0.65071034,0.9174981,-0.52637047,0.7698629,-0.41983595
9,0.0,0.0,0.25824603,0.30724582,0.53147876,0.4906186,0.7830929,0.66673493,0.97535235,0.8399305,0.9975612,0.22158809,1.4535604,0.23353566,1.7046998,0.23035984,1.9124038,0.23258238,1.0,1.6495983e-08,1.4893473,-0.08033231,1.8045387,-0.14279893,2.052413,-0.18766277,0.8760872,-0.24982512,1.3073561,-0.5127459,1.605493,-0.65927815,1.829942,-0.7542645,0.68538433,-0.47019005,0.74225897,-0.6894704,0.66438097,-0.71660006,0.6016994,-0.710002
9,0.0,0.0,0.27254218,0.3440753,0.55329865,0.5416864,0.82022846,0.7355065,1.0143852,0.9284263,0.994715,0.25018823,1.4977429,0.25176784,1.7784945,0.24812044,2.0074234,0.24723908,1.0,5.3502372e-08,1.5364221,-0.082201175,1.8906314,-0.14555185,2.1634095,-0.1972889,0.8749509,-0.27208316,1.3396039,-0.51345795,1.6522176,-0.663266,1.8831949,-0.7693959,0.68252647,-0.5060528,0.75371903,-0.710067,0.68193555,-0.7342655,0.6202975,-0.7337727
9,0.0,0.0,0.3259836,0.20194376,0.6007197,0.3106906,0.83723587,0.39430246,0.97395545,0.54509175,1.0230964,0.15892804,1.4913846,0.123410575,1.75304,0.08503219,1.9593563,0.089096956,1.0000001,1.3960289e-08,1.524853,-0.14978981,1.8492748,-0.24167721,2.105975,-0.30062532,0.85915035,-0.20436999,1.2509232,-0.4928802,1.529521,-0.6880037,1.7517952,-0.8147637,0.65457135,-0.41371933,0.69713795,-0.6582325,0.61302704,-0.7392488,0.56498486,-0.7915475
9,0.0,0.0,0.25000414,0.3935401,0.50271994,0.6255726,0.7870343,0.85306096,0.9455028,1.0724317,0.9470144,0.28675222,1.4597172,0.33547038,1.7583603,0.34752914,1.9942709,0.35993776,1.0,-8.568559e-10,1.5504371,-0.041021265,1.9083453,-0.09549148,2.1657915,-0.15123165,0.9225953,-0.27485856,1.3778315,-0.45579976,1.6821084,-0.576876,1.8790144,-0.663697,0.7726916,-0.49514616,0.8901613,-0.6622089,0.8288244,-0.6612653,0.7514009,-0.6173577
9,0.0,0.0,0.25119668,0.40812355,0.5193877,0.66152686,0.8170977,0.910535,0.9783964,1.1455458,0.9386368,0.30484447,1.4966942,0.36439914,1.8203379,0.3855997,2.073222,0.40158746,1.0,-4.8793023e-08,1.5973102,-0.037640676,1.9791243,-0.085263334,2.249205,-0.1400727,0.9439024,-0.28196517,1.4279174,-0.45715788,1.7435845,-0.56433135,1.9477215,-0.64561874,0.82078147,-0.5038818,0.9587109,-0.6606238,0.89686793,-0.6596017,0.8192533,-0.6249379
9,0.0,0.0,0.2712968,0.40619922,0.5529419,0.64475673,0.8531053,0.88704157,1.0253003,1.1087627,0.9448362,0.29542074,1.5255752,0.3318879,1.8569489,0.3402514,2.1089833,0.3563278,1.0,4.360907e-09,1.6184368,-0.060891364,2.0134614,-0.1114936,2.2808492,-0.15338542,0.9355191,-0.2867008,1.4881101,-0.46179605,1.8496122,-0.5516518,2.09198,-0.61629224,0.7999797,-0.5142557,0.95765704,-0.66461813,0.89279395,-0.6628451,0.81672937,-0.62981725
9,0.0,0.0,0.34800452,0.23261243,0.6034205,0.33240452,0.8392487,0.40330055,0.9613088,0.5581986,1.0171013,0.16714627,1.4831983,0.1397329,1.7431933,0.08725417,1.9400264,0.083543696,1.0,-6.385125e-10,1.5246489,-0.14573453,1.8506286,-0.24624966,2.088216,-0.3151254,0.8796646,-0.21527772,1.3046737,-0.45952222,1.5820769,-0.62943226,1.8049425,-0.73751163,0.69919986,-0.41452724,0.78835255,-0.6408179,0.6688266,-0.70811886,0.5799992,-0.746077
9,0.0,0.0,0.23304272,0.42580876,0.50525,0.69063497,0.790437,0.96668285,0.9468563,1.214777,0.94442695,0.31241977,1.5085571,0.38038388,1.8345314,0.40741554,2.0922565,0.42124137,1.0,5.0024763e-08,1.6232784,-0.03698854,2.0081966,-0.06371533,2.2814364,-0.09606625,0.9436155,-0.28753176,1.4852873,-0.40373418,1.8354301,-0.45553938,2.0708687,-0.4969613,0.81551677,-0.5006921,1.0188954,-0.6069622,0.97349185,-0.59606504,0.89110184,-0.55764496
9,0.0,0.0,0.25043035,0.40677214,0.5286255,0.6502245,0.82097495,0.898014,0.98269594,1.1352133,0.9409545,0.30827335,1.5201539,0.35771197,1.8496716,0.37344268,2.1056795,0.3902185,1.0,-3.154589e-08,1.6142442,-0.05279243,2.006946,-0.09955592,2.275956,-0.13667814,0.9358306,-0.29090792,1.4705383,-0.45622727,1.8215599,-0.5569125,2.0468576,-0.6279556,0.7896497,-0.51761,0.9907091,-0.67588955,0.93080074,-0.6626888,0.8344149,-0.6080265
9,0.0,0.0,0.26254025,0.4148996,0.541523,0.66019773,0.8391843,0.9045379,0.9936724,1.1461028,0.9540258,0.31510663,1.5425956,0.36033192,1.8809448,0.3671916,2.1343365,0.3779706,1.0,-2.5120316e-08,1.6321362,-0.07061044,2.0306616,-0.124677934,2.2937357,-0.16527054,0.92262375,-0.3018548,1.4788933,-0.4696814,1.8403558,-0.5659675,2.0639443,-0.63692683,0.7680077,-0.5269114,0.9774511,-0.67780215,0.92720747,-0.6646351,0.84063256,-0.6197445
9,0.0,0.0,0.25839943,0.40834048,0.53317636,0.6524604,0.8441114,0.8937293,1.0071527,1.1363361,0.94929945,0.31080258,1.5409893,0.35476664,1.8808494,0.36797637,2.1349442,0.3885516,1.0,4.571889e-08,1.6237947,-0.06465671,2.025411,-0.11239067,2.289681,-0.1443643,0.92337495,-0.2949882,1.478042,-0.46519193,1.8429989,-0.56644917,2.072635,-0.6360571,0.76620406,-0.5276223,0.9863184,-0.6908973,0.9465227,-0.6804992,0.8675702,-0.6296765
9,0.0,0.0,0.27808714,0.32774544,0.5594741,0.490184,0.8318306,0.6441114,0.99047965,0.8245871,1.0087302,0.22105137,1.5120633,0.1931869,1.7860905,0.16372503,1.9957846,0.15710634,0.99999994,-5.8025197e-08,1.5504283,-0.11664783,1.8827869,-0.20812388,2.1336758,-0.275065,0.86488366,-0.24515557,1.3089852,-0.47388816,1.624607,-0.6250295,1.8608783,-0.72449064,0.6552754,-0.46218202,0.75775653,-0.6863908,0.70141387,-0.73078734,0.64442396,-0.7385448
9,0.0,0.0,0.29236907,0.32629168,0.57765776,0.5005837,0.8497767,0.64785075,1.0021393,0.8361267,1.0056224,0.22797377,1.5283201,0.20158435,1.814925,0.1747328,2.0310943,0.17912273,1.0,2.4895371e-08,1.5703584,-0.11607935,1.9145947,-0.19998816,2.1767492,-0.25587928,0.8695562,-0.24734315,1.3366221,-0.4723617,1.6574659,-0.6079377,1.9059008,-0.6945617,0.6677885,-0.47843888,0.77990115,-0.70519805,0.72802806,-0.7535155,0.68006915,-0.7610479
9,0.0,0.0,0.25660792,0.37770814,0.55533296,0.59812623,0.8444345,0.80599713,1.0103922,1.0273889,0.98233324,0.27573043,1.5304008,0.2822213,1.8505453,0.28218147,2.0939076,0.28576627,0.99999994,5.6460387e-08,1.596896,-0.09752341,1.9771192,-0.16695358,2.246933,-0.22083335,0.8897918,-0.2813728,1.4250792,-0.47757193,1.7821798,-0.5856067,2.0415711,-0.65687007,0.7008216,-0.5232306,0.8851454,-0.7378788,0.85796744,-0.76546896,0.8041604,-0.75086904
9,0.0,0.0,0.27518046,0.3885491,0.5740032,0.61485004,0.87715214,0.83633304,1.033338,1.0624555,0.97777337,0.28926787,1.5431157,0.2938167,1.8736123,0.28218687,2.1226232,0.27818945,1.0,-4.638315e-08,1.6154916,-0.11234904,2.0020895,-0.19017783,2.2650967,-0.24458173,0.8987196,-0.29488522,1.448694,-0.49120417,1.8085343,-0.59080184,2.0498137,-0.6564307,0.7260791,-0.5366383,0.9238409,-0.72557735,0.88308734,-0.72024345,0.80984986,-0.6755362
1,0.0,0.0,0.40657565,0.34605047,0.852575,0.35859025,1.1237617,0.16110232,1.2963471,-0.056503303,0.98974615,0.34900132,1.6506361,0.39676636,2.0311666,0.40229985,2.309809,0.40987134,1.0,-5.1257192e-08,1.5643321,-0.11932246,1.4119127,-0.106024235,1.2159326,-0.03788118,0.9298933,-0.29211214,1.3484462,-0.39632085,1.196783,-0.300404,1.0483407,-0.22394115,0.8014003,-0.53239536,1.0583031,-0.5776796,0.94650954,-0.48205233,0.8280401,-0.40404192
1,0.0,0.0,0.3911827,0.333623,0.8395046,0.33992904,1.1133999,0.12602901,1.2711812,-0.099965565,0.99198854,0.33149424,1.6481489,0.3668933,2.0249135,0.36096656,2.3028545,0.360226,1.0,5.40537e-08,1.5519383,-0.14119428,1.4201423,-0.11744862,1.233667,-0.04173105,0.9258384,-0.27878097,1.3484242,-0.40031266,1.2164383,-0.2990435,1.0642198,-0.21481939,0.8013752,-0.5063356,1.069617,-0.56620955,0.9733596,-0.46570358,0.85893726,-0.37135068
1,0.0,0.0,0.38926154,0.33211386,0.821365,0.33302385,1.0686284,0.12227298,1.2124828,-0.0995916,0.9867806,0.33881825,1.6035596,0.38478634,1.9619539,0.38418543,2.226128,0.3903714,1.0,1.2621585e-09,1.5050199,-0.11153075,1.3659313,-0.10568014,1.1767241,-0.043186028,0.92879933,-0.28800273,1.2993152,-0.38304156,1.1573377,-0.30141583,1.0060452,-0.22863176,0.8016995,-0.52111655,1.0294819,-0.55045635,0.9301668,-0.45602533,0.8201041,-0.3659148
1,0.0,0.0,0.5595376,0.22181205,0.98283714,0.16759984,1.2209525,-0.054759298,1.3834692,-0.30645144,1.1117127,0.28936502,1.7227312,0.24135938,2.1210384,0.1947627,2.4215252,0.15210623,1.0000001,-1.8934848e-08,1.5760877,-0.38741753,1.3328902,-0.4389274,1.13083,-0.32302853,0.859691,-0.29779053,1.2706462,-0.68807673,1.0578758,-0.6284749,0.9026794,-0.48748067,0.6966677,-0.5615919,0.9444906,-0.84145683,0.7953197,-0.75271934,0.6638159,-0.6307198
1,0.0,0.0,0.59909374,0.15757053,1.0006785,0.088354416,1.2159894,-0.10728716,1.3846958,-0.33495188,1.1540495,0.253846,1.741182,0.18207927,2.1151915,0.12513839,2.4205134,0.07244033,1.0,-3.142575e-08,1.5409312,-0.42687625,1.2698234,-0.46659228,1.075456,-0.3358534,0.84027636,-0.29386118,1.2106835,-0.70543253,0.98491836,-0.6529008,0.8418659,-0.50663733,0.68381506,-0.54326344,0.8744678,-0.84915084,0.7266897,-0.75856537,0.6054277,-0.6457448
1,0.0,0.0,0.42662844,0.32781053,0.8593573,0.31366467,1.1023577,0.07892657,1.2414736,-0.16334938,0.98251474,0.34843308,1.6438276,0.40465197,2.0353625,0.39887753,2.3238769,0.39889628,1.0,7.00072e-09,1.5445895,-0.11980442,1.4176344,-0.12628122,1.226994,-0.07306862,0.9382489,-0.30648208,1.3399283,-0.4299191,1.2026092,-0.35988858,1.0472867,-0.2867077,0.81447035,-0.5605893,1.0732867,-0.62836736,0.9687752,-0.5417169,0.8436632,-0.4480797
1,0.0,0.0,0.40627232,0.32369336,0.7914608,0.31786844,1.0219153,0.1402442,1.1807626,-0.053483985,0.9965987,0.34829023,1.6063682,0.42157087,1.9706181,0.42467785,2.2323003,0.43339205,1.0,5.209782e-08,1.4753125,-0.04571735,1.2904418,-0.053841412,1.1090546,0.01195483,0.9231521,-0.28741965,1.2543795,-0.3127718,1.0946306,-0.25804093,0.94860923,-0.2065103,0.80924505,-0.52534246,0.97964257,-0.47373754,0.85315603,-0.39045063,0.73116726,-0.31992015
1,0.0,0.0,0.4023085,0.3372494,0.7818119,0.33704525,0.9979193,0.17211506,1.1220665,-0.019430595,0.9942262,0.33866227,1.5738876,0.40738392,1.9182198,0.40490398,2.1622882,0.41113707,1.0,3.1432272e-08,1.4135402,-0.024592793,1.2221582,-0.02283137,1.0341779,0.036769014,0.9077186,-0.2709782,1.1847651,-0.26533276,1.0261515,-0.20773812,0.89296705,-0.1652036,0.77989525,-0.49410224,0.91486067,-0.42209157,0.79212904,-0.34173208,0.68652844,-0.28022972
1,0.0,0.0,0.42686424,0.270548,0.7650531,0.24542797,1.0151356,0.07998916,1.1514497,-0.10475877,0.9850962,0.291995,1.5759815,0.33721673,1.9347084,0.32185867,2.1851938,0.3243331,1.0,-1.24063e-08,1.4629024,-0.16414347,1.310939,-0.19663772,1.1373919,-0.13843073,0.91497195,-0.2824112,1.2037603,-0.4663307,1.0686618,-0.42549795,0.9352232,-0.34547484,0.75921166,-0.5504421,0.9304999,-0.6523951,0.82977396,-0.5897067,0.7207799,-0.484354
1,0.0,0.0,0.39567173,0.0026081153,0.7721034,-0.20111316,0.9881183,-0.6127375,1.0450162,-0.93621874,1.071317,0.09461736,1.599159,-0.01162851,1.9281611,-0.070623346,2.19891,-0.08586663,1.0000001,-4.44472e-08,1.3707473,-0.55852383,1.1358109,-0.6366466,0.9774634,-0.5011871,0.84799933,-0.16308524,1.0572643,-0.7625319,0.84403557,-0.74538684,0.7634317,-0.5570688,0.65947205,-0.35999265,0.76192474,-0.81743646,0.59818083,-0.7805059,0.5290688,-0.6038851
1,0.0,0.0,0.48583964,0.16824944,0.86853683,0.07186718,1.1171801,-0.15953739,1.2032477,-0.4445483,1.0783774,0.17964482,1.6692678,0.08094598,2.0405736,0.0055809417,2.3406003,-0.026236257,0.9999999,4.353601e-09,1.4829924,-0.58122057,1.2246394,-0.6628417,1.0418371,-0.52369946,0.857628,-0.24966653,1.1480901,-0.87269646,0.9383084,-0.85812604,0.83109254,-0.6792121,0.6788278,-0.50174165,0.79474324,-0.97202146,0.6308339,-0.9048164,0.537394,-0.7245961
1,0.0,0.0,0.4124698,0.2922798,0.8260435,0.26883617,1.0790669,0.028918678,1.1967822,-0.23226765,0.981712,0.33193442,1.6126934,0.40651667,1.9879894,0.4015528,2.2650046,0.40726843,1.0,5.721626e-08,1.4843738,-0.15592392,1.3351744,-0.20853083,1.1604009,-0.1642723,0.92563754,-0.31391686,1.2592205,-0.5085204,1.094138,-0.4662988,0.9571158,-0.3769665,0.7903289,-0.60277677,0.981649,-0.7117629,0.85237575,-0.6365518,0.7416396,-0.516292
1,0.0,0.0,0.42423156,0.31222475,0.8159673,0.28666776,1.0309101,0.10775362,1.1881541,-0.08072369,1.0272297,0.34890017,1.5688202,0.42013717,1.9053053,0.4223423,2.1600995,0.4276136,0.99999994,4.4140375e-08,1.4217393,-0.044771567,1.2199976,-0.062904984,1.0654122,-0.029653195,0.925535,-0.29596925,1.2467418,-0.3126481,1.0525384,-0.24975331,0.90142745,-0.2071284,0.8385097,-0.52428705,0.9360873,-0.46572024,0.7969829,-0.36801142,0.6816285,-0.31205866
1,0.0,0.0,0.37069857,0.31837726,0.74485797,0.3218627,0.9717452,0.15191606,1.105217,-0.029629504,0.97062993,0.34532675,1.5335912,0.43804204,1.8660061,0.45591637,2.1119056,0.47665915,1.0,-2.2945605e-08,1.3938854,-0.024693826,1.1966937,-0.033526123,1.0265925,0.015853677,0.9290116,-0.27263612,1.1892676,-0.27767655,1.0206404,-0.22195092,0.8861443,-0.18132068,0.82306105,-0.49535957,0.9260863,-0.4249678,0.78976977,-0.35061407,0.6788533,-0.29172766
1,0.0,0.0,0.3637515,0.3151215,0.7322958,0.3198376,0.9652965,0.1557397,1.1043783,-0.016843544,0.962017,0.33329102,1.536418,0.42637575,1.8694179,0.44489974,2.1112492,0.46684298,1.0,8.6610115e-09,1.4010009,-0.02537185,1.2145667,-0.026290603,1.0469155,0.02313426,0.9324121,-0.2683373,1.2258863,-0.2827616,1.0624815,-0.22420976,0.91627765,-0.18303055,0.8131028,-0.48848864,0.9603067,-0.44703007,0.83568835,-0.37254345,0.72040063,-0.30669287
2,0.0,0.0,0.5100408,0.18599138,0.8562689,0.1487214,1.0915111,0.012794328,1.2886219,-0.1578592,1.0710418,0.24913293,1.5313147,0.2844295,1.8420498,0.31848463,2.096952,0.33851218,1.0,3.351106e-08,1.5741545,-0.17619082,1.9394606,-0.30511776,2.2047005,-0.39972413,0.8897127,-0.27713698,1.3184862,-0.48418897,1.2099215,-0.45216972,1.0647055,-0.3773781,0.76385325,-0.5153919,1.0471532,-0.6733902,0.9392806,-0.6236946,0.8321096,-0.5280444
2,0.0,0.0,0.5167961,0.19198485,0.8772111,0.15620993,1.1075981,-0.010991752,1.2793819,-0.21393599,1.1023194,0.23312925,1.598119,0.23240575,1.9085182,0.25341737,2.168361,0.27223268,1.0,3.730457e-08,1.630574,-0.18890393,2.0123048,-0.31653923,2.2805357,-0.41817483,0.87269956,-0.27607754,1.3819782,-0.531251,1.2623309,-0.5111785,1.1149275,-0.4263382,0.73212636,-0.51400024,1.0931816,-0.7230983,0.9802486,-0.6791672,0.8677064,-0.574021
2,0.0,0.0,0.4733585,0.2447319,0.8354139,0.22489238,1.1035306,0.056442335,1.2883089,-0.12730049,1.0526903,0.2577919,1.5375094,0.31312492,1.8552178,0.35733187,2.1132948,0.3933743,1.0,1.6653873e-08,1.632518,-0.1855588,2.0417595,-0.28533828,2.3162327,-0.37187657,0.9146562,-0.2987335,1.4005761,-0.4907351,1.3084654,-0.42921478,1.1716583,-0.34516478,0.78634256,-0.54294586,1.1500442,-0.6745681,1.0545154,-0.5995664,0.9524824,-0.50370425
2,0.0,0.0,0.4219362,0.28431436,0.78672075,0.25585267,1.0465747,0.081292085,1.2188724,-0.1017735,1.0251234,0.2657759,1.4695729,0.33765516,1.7489473,0.38799393,1.9791236,0.4212156,1.0,-1.9421815e-08,1.5683954,-0.1688949,1.9238394,-0.2551323,2.1671805,-0.34686628,0.9320381,-0.2659711,1.3481369,-0.3953333,1.299608,-0.3099233,1.19398,-0.23875907,0.83423954,-0.46527532,1.0981963,-0.5288211,1.0550618,-0.46098363,0.98587036,-0.3864757
2,0.0,0.0,0.47050053,0.259939,0.81312954,0.23232318,1.0730536,0.09145168,1.2449112,-0.07115777,1.0323249,0.25214535,1.5190755,0.31866598,1.8202947,0.36121875,2.0498288,0.3915722,1.0,6.192198e-08,1.6224377,-0.18987767,1.9938383,-0.2993664,2.239047,-0.40106246,0.9266372,-0.27547413,1.3855228,-0.45086178,1.3017156,-0.38842478,1.172725,-0.30309758,0.79003894,-0.49877813,1.1093187,-0.619874,1.032816,-0.5642855,0.935812,-0.47320706
2,0.0,0.0,0.5216896,0.2221058,0.9147592,0.16777773,1.1670523,-0.029665211,1.3268464,-0.25686118,1.1024112,0.21900736,1.6023666,0.19401322,1.9184499,0.21817677,2.1793625,0.24056238,1.0,-3.6293546e-08,1.6624017,-0.23450944,2.0814872,-0.37080008,2.3646147,-0.49687293,0.87403715,-0.27896523,1.4053535,-0.58677006,1.2862849,-0.54924405,1.1402541,-0.43753055,0.7088125,-0.5219909,1.1252186,-0.7670309,1.012439,-0.710192,0.8916971,-0.5842909
2,0.0,0.0,0.49834308,0.24524057,0.85814834,0.19813177,1.1046022,0.017984666,1.2549434,-0.18495196,1.0658407,0.23193763,1.5603927,0.25336933,1.8738552,0.28651354,2.116825,0.31306773,1.0,-2.8051401e-08,1.6505421,-0.22683464,2.0386193,-0.3506461,2.297103,-0.46232387,0.8961343,-0.277095,1.3905815,-0.54738146,1.2858666,-0.5004739,1.1539508,-0.39810356,0.7323353,-0.51277685,1.1076972,-0.71302205,1.0122397,-0.6640089,0.89784193,-0.5546473
2,0.0,0.0,0.42289153,0.30081666,0.79059464,0.26541317,1.0587811,0.09431022,1.2478992,-0.08810372,1.039721,0.2606566,1.4966124,0.35395598,1.7985206,0.41477537,2.043057,0.44560567,1.0,1.7294049e-08,1.587224,-0.21789324,1.9243962,-0.33363923,2.1483586,-0.44462737,0.9190081,-0.24961819,1.3543855,-0.4002194,1.2845625,-0.30945835,1.1669401,-0.22367895,0.802365,-0.44777033,1.1031082,-0.53541225,1.0564772,-0.48667523,0.9852903,-0.40753633
2,0.0,0.0,0.44449478,0.2715584,0.80875725,0.2309082,1.0683231,0.06613199,1.2505852,-0.11001684,1.0409819,0.24975334,1.4914492,0.33182898,1.786952,0.39516824,2.02652,0.42858636,1.0,2.2515673e-08,1.5689355,-0.23824283,1.905518,-0.36170894,2.127654,-0.4821721,0.9205378,-0.2522958,1.3486575,-0.4171362,1.2901742,-0.32352012,1.1773194,-0.23618695,0.80913574,-0.4597369,1.1084254,-0.5479128,1.0746942,-0.4909146,1.0150411,-0.4076012
2,0.0,0.0,0.45576534,0.25529057,0.8040889,0.20710014,1.0657421,0.058215518,1.2506347,-0.11023032,1.0365081,0.24442427,1.4910698,0.32510737,1.784245,0.3879245,2.0254653,0.42439872,1.0,1.7006073e-09,1.5729461,-0.2540024,1.9109578,-0.3970119,2.1323183,-0.52353823,0.9237026,-0.25539082,1.3360988,-0.4381945,1.2699941,-0.35863438,1.1567384,-0.26950374,0.8077903,-0.46325454,1.0914475,-0.573041,1.0336262,-0.5167413,0.9639279,-0.43330002
2,0.0,0.0,0.47470933,0.23690312,0.8526095,0.19836764,1.1384768,0.020545265,1.3196813,-0.1744818,1.0572261,0.22056863,1.5722601,0.23478206,1.8888608,0.2716446,2.1392086,0.29642114,1.0,4.294984e-08,1.6560005,-0.23402041,2.0191362,-0.35701805,2.2580771,-0.46909624,0.92162424,-0.24215934,1.4509331,-0.47704223,1.3599437,-0.41982508,1.2367815,-0.3275614,0.7966962,-0.45055518,1.1925908,-0.63967955,1.1164426,-0.59713966,1.0149639,-0.5072609
2,0.0,0.0,0.47009426,0.20463516,0.8229068,0.16719994,1.0662652,0.016908322,1.2283502,-0.16668962,1.075694,0.2082778,1.5216049,0.19546883,1.7932512,0.21172532,2.0111606,0.227625,1.0,-1.26259e-08,1.5889157,-0.1816455,1.9269311,-0.28351042,2.1692321,-0.37729043,0.8883288,-0.24724801,1.3574011,-0.45968387,1.2547435,-0.40706828,1.1351696,-0.319216,0.7470508,-0.46150437,1.0867813,-0.6217469,1.0057983,-0.57299185,0.92064196,-0.48899463
2,0.0,0.0,0.46445268,0.27114007,0.84154993,0.24620013,1.1109881,0.059176058,1.2730122,-0.14196579,1.0454183,0.24894999,1.5497316,0.2743701,1.8651506,0.30773214,2.1040392,0.33090368,1.0000001,-1.2106838e-08,1.6619829,-0.19123875,2.0582273,-0.29473445,2.3188608,-0.3940926,0.9185619,-0.27130666,1.4320791,-0.47242495,1.3320702,-0.40022504,1.197309,-0.3124193,0.7722844,-0.49262288,1.1642286,-0.64086723,1.0777882,-0.5784737,0.9625352,-0.48509496
2,0.0,0.0,0.47085983,0.27145094,0.85818505,0.24264818,1.1340348,0.052090403,1.3192971,-0.14318798,1.0642105,0.25282016,1.5731392,0.2821403,1.8937377,0.32173637,2.1434672,0.35127988,1.0000001,-9.948843e-09,1.6735641,-0.20301597,2.0754008,-0.3143963,2.3406014,-0.4199529,0.912276,-0.27822092,1.4428277,-0.48621565,1.3539692,-0.42350996,1.2217157,-0.33556074,0.7790605,-0.5038646,1.1766026,-0.65678465,1.0930665,-0.59859043,0.9880754,-0.50613046
2,0.0,0.0,0.45970732,0.28412127,0.8527149,0.2600385,1.1330515,0.061118267,1.305282,-0.13550952,1.0489491,0.27021742,1.5750829,0.30543867,1.9022894,0.3435014,2.145756,0.3695022,0.99999994,-3.9498662e-08,1.6746206,-0.20493218,2.0782382,-0.31955624,2.342207,-0.42786202,0.9192524,-0.27889723,1.4616542,-0.46845642,1.366439,-0.38929024,1.2275816,-0.29819983,0.7750596,-0.50254554,1.1936717,-0.6437206,1.1144425,-0.57950395,0.9970361,-0.4822717
4,0.0,0.0,0.47596416,0.28919137,0.8682187,0.2456695,1.1906637,0.12539755,1.4185011,-0.043298285,1.0477957,0.26007172,1.5787015,0.32271916,1.9233645,0.33455497,2.1823573,0.3523252,0.99999994,-2.3254817e-08,1.6426632,-0.05284547,2.0720515,-0.12388208,2.374828,-0.15886983,0.9092469,-0.27272093,1.5098591,-0.40207282,1.9124762,-0.5234158,2.1979437,-0.5998014,0.77819914,-0.53747517,1.2499673,-0.69742537,1.5090647,-0.8075005,1.741594,-0.88767517
4,0.0,0.0,0.46334657,0.25062785,0.8195499,0.22266966,1.1066761,0.1290548,1.319534,-0.029729774,1.0288473,0.2650737,1.4987314,0.34537947,1.8116655,0.3585111,2.053083,0.3795662,1.0000001,3.7177013e-08,1.5701804,-0.03918638,1.9591353,-0.09678612,2.2455091,-0.11911827,0.9145942,-0.2735789,1.4535686,-0.38364965,1.8320019,-0.47728008,2.0981994,-0.5284422,0.7957481,-0.5199444,1.2256055,-0.6593138,1.4786441,-0.7475567,1.7035457,-0.8009637
4,0.0,0.0,0.51829517,0.19915108,0.8759073,0.16379125,1.1344846,0.06464514,1.3645658,-0.08196523,1.0568813,0.25007913,1.5053755,0.31529704,1.8247536,0.32313287,2.0685742,0.3387131,1.0,-1.519896e-08,1.5535821,-0.049199548,1.944793,-0.118584484,2.2458498,-0.14227864,0.90002644,-0.26837456,1.4193649,-0.38189387,1.8128722,-0.49204108,2.0896018,-0.5609465,0.78648776,-0.52517885,1.1896596,-0.67793304,1.4459074,-0.78200954,1.6705883,-0.8551149
4,0.0,0.0,0.5321833,0.14583619,0.9095124,0.091903836,1.1789796,-0.026144795,1.4235117,-0.18710692,1.0799443,0.19057287,1.5700446,0.1902197,1.8965625,0.14942709,2.1479945,0.11896095,1.0,1.1582676e-08,1.5882174,-0.06522906,2.0081582,-0.1654141,2.3155453,-0.22288133,0.8726136,-0.24277917,1.4106921,-0.37285766,1.815771,-0.50650084,2.1079051,-0.60310775,0.7225688,-0.51166296,1.132507,-0.68860227,1.3940296,-0.8088861,1.6216089,-0.91267073
4,0.0,0.0,0.46631807,0.2824962,0.88502985,0.23659389,1.2119627,0.0891139,1.4183906,-0.10682278,1.0452322,0.23972553,1.5787023,0.29618907,1.9185722,0.32119936,2.1801322,0.34606358,1.0,-3.594907e-08,1.634374,-0.049811695,2.075059,-0.116648756,2.398546,-0.16056922,0.90536964,-0.2633767,1.4971137,-0.4108967,1.9126233,-0.5256638,2.221818,-0.596027,0.7624492,-0.5323469,1.2368492,-0.7200141,1.5115606,-0.82814026,1.7534941,-0.9006621
4,0.0,0.0,0.42639726,0.2655615,0.7727821,0.24592572,1.0668174,0.15421934,1.2611312,-0.0024580187,1.0092194,0.27194187,1.4912738,0.35065833,1.8063893,0.3715955,2.0457487,0.39491194,1.0,-3.9495e-08,1.5867275,-0.016345033,1.9677497,-0.059959553,2.252563,-0.07789815,0.92952436,-0.27162495,1.5062591,-0.36229545,1.8795824,-0.44876006,2.1399133,-0.49786267,0.82172745,-0.5055205,1.2590169,-0.6313527,1.5123125,-0.7058266,1.7341101,-0.73775345
4,0.0,0.0,0.4425747,0.24237005,0.78361124,0.21986823,1.0533135,0.13122529,1.2621671,-0.00569258,1.0194857,0.26893115,1.4587116,0.35172647,1.763866,0.37405452,1.9968129,0.40089247,1.0,-3.5363833e-08,1.5406004,-0.011017489,1.9071337,-0.05239507,2.1890666,-0.0653418,0.92645633,-0.2691159,1.4527755,-0.35016772,1.8148313,-0.4310081,2.0649025,-0.47874284,0.82607985,-0.49862838,1.2311689,-0.6137776,1.4729782,-0.68115026,1.6848068,-0.7147695
4,0.0,0.0,0.43387705,0.25870708,0.7696006,0.24068879,1.0417581,0.15481846,1.2420473,0.004807817,1.0160619,0.2756588,1.4685107,0.35478485,1.7734306,0.37276277,2.004723,0.39351442,0.99999994,-3.2772235e-08,1.5580016,-0.019061765,1.9235083,-0.061147228,2.203487,-0.075521186,0.9245252,-0.2713226,1.4728254,-0.3626049,1.8405759,-0.44876504,2.095857,-0.49816254,0.82219887,-0.49789503,1.2365243,-0.63429016,1.4817785,-0.71160316,1.6965518,-0.7485261
4,0.0,0.0,0.442965,0.27475727,0.7954247,0.24973205,1.0830705,0.14392897,1.2808985,-0.032247696,1.0206178,0.26439127,1.4919308,0.34597886,1.7973143,0.36510134,2.0276492,0.38801104,0.99999994,4.623131e-08,1.5773257,-0.027341684,1.9569846,-0.07232797,2.2329528,-0.088395774,0.92074865,-0.26598072,1.489846,-0.36972162,1.8603773,-0.46259984,2.1211483,-0.51408285,0.80657244,-0.49216053,1.2516643,-0.6346339,1.4973239,-0.7205719,1.7124648,-0.77082944
4,0.0,0.0,0.43130302,0.27898565,0.7875747,0.24895829,1.0840018,0.13563979,1.273516,-0.042978156,1.0151349,0.25205636,1.489787,0.33155647,1.789176,0.35430384,2.0189002,0.37907234,1.0000001,3.2305955e-08,1.5724006,-0.037103903,1.9473673,-0.08902573,2.229107,-0.11286919,0.9175943,-0.26318362,1.4831439,-0.37495196,1.8534638,-0.47070935,2.1257296,-0.5243366,0.7853504,-0.49759245,1.2403421,-0.64829814,1.4897661,-0.7407676,1.7092057,-0.7967057
4,0.0,0.0,0.44813222,0.268613,0.7937208,0.24085829,1.0834715,0.13319112,1.2783309,-0.04150512,1.0213678,0.2528553,1.4857191,0.3296155,1.7865509,0.34644005,2.016929,0.36702526,1.0000001,-4.68233e-08,1.5633161,-0.032909106,1.9400856,-0.08981888,2.2167883,-0.11819678,0.91488564,-0.2621929,1.467583,-0.36514035,1.8378621,-0.45889124,2.1023724,-0.51185626,0.78937477,-0.4929964,1.2297809,-0.6481891,1.4804097,-0.7403713,1.6992412,-0.794917
4,0.0,0.0,0.43543702,0.29168364,0.8111594,0.25498882,1.1180797,0.118788265,1.3083484,-0.07424906,1.0122842,0.25723028,1.510733,0.33412766,1.8310033,0.3627325,2.0759244,0.3879482,1.0,-4.1114163e-08,1.5986646,-0.033552982,1.9967566,-0.08514055,2.29378,-0.115185335,0.9272993,-0.26457614,1.5107893,-0.38312274,1.8905493,-0.48171148,2.1740458,-0.53803515,0.80064803,-0.50562847,1.2667956,-0.6662578,1.52641,-0.76824087,1.7557733,-0.82658625
4,0.0,0.0,0.4317422,0.279783,0.7862538,0.255231,1.0841477,0.1412493,1.2761687,-0.03249382,1.014698,0.26664641,1.493184,0.35202375,1.7988313,0.37549904,2.0322602,0.39716244,1.0000001,-5.7480634e-08,1.5852969,-0.021450661,1.960185,-0.071162835,2.2431834,-0.0989782,0.9249026,-0.26967743,1.5000201,-0.37176153,1.8651428,-0.46219182,2.1337287,-0.51523036,0.8044873,-0.51056874,1.2533678,-0.6571815,1.5020785,-0.7509793,1.7223746,-0.8041328
4,0.0,0.0,0.42112985,0.27223986,0.74659747,0.23480752,1.0280159,0.14460698,1.2025346,-2.9125064e-05,1.0038211,0.27220353,1.4450222,0.36115447,1.7427275,0.3786476,1.9541246,0.41349328,0.99999994,1.30011735e-08,1.5385125,0.006801842,1.9035819,-0.035711966,2.1910713,-0.050397154,0.91710776,-0.28340477,1.4423945,-0.3978962,1.80015,-0.47520658,2.0885656,-0.52792346,0.7832727,-0.54387,1.1133655,-0.80759585,1.2821219,-1.0083914,1.453979,-1.156109
4,0.0,0.0,0.40951085,0.27752045,0.7696012,0.24293281,1.0660924,0.13021305,1.2380425,-0.0687175,1.0055748,0.2823659,1.4662592,0.3654966,1.7681055,0.38048935,1.985053,0.4209647,1.0,-1.9937445e-08,1.5715417,-0.053936668,1.9686601,-0.11617457,2.271325,-0.14314917,0.9053655,-0.28835663,1.472638,-0.44909164,1.84277,-0.5526414,2.141504,-0.62551135,0.7645811,-0.5534239,1.1220384,-0.8566139,1.3008202,-1.0763837,1.4796284,-1.2387538
5,0.0,0.0,0.2613188,0.36740416,0.5618814,0.5899878,0.8315501,0.8233213,0.99477214,1.0301228,0.9418591,0.28861684,1.4621203,0.3702359,1.7718309,0.40877992,2.0237076,0.44219884,1.0,5.042662e-08,1.5606878,-0.00023570182,1.9352614,-0.018923737,2.2153206,-0.03295062,0.9477844,-0.27160218,1.4679091,-0.36367068,1.8292493,-0.4194229,2.104291,-0.46403447,0.80592555,-0.49218252,1.1537515,-0.74040127,1.3720238,-0.897798,1.574673,-1.0163896
5,0.0,0.0,0.27467385,0.38174844,0.5666056,0.6133417,0.8386642,0.86140364,0.9930816,1.083364,0.946361,0.29487056,1.4867616,0.3847784,1.8037089,0.4232651,2.0616207,0.45837837,1.0,4.4279844e-08,1.5853814,-0.0047626453,1.9682176,-0.026409728,2.2533739,-0.042346418,0.942416,-0.2762488,1.482002,-0.37632674,1.8540701,-0.43856728,2.135195,-0.48838782,0.796489,-0.49535266,1.1539841,-0.7507301,1.373567,-0.91154695,1.5822649,-1.0314087
5,0.0,0.0,0.28154528,0.376253,0.58975893,0.59200454,0.8653616,0.83355093,1.0152749,1.0545092,0.94750065,0.29220557,1.4834845,0.3707248,1.8000026,0.40104896,2.05633,0.42708302,1.0,-1.8392322e-08,1.5787497,0.008514217,1.9639053,-0.01661412,2.2483702,-0.03864806,0.9463741,-0.2793136,1.4792364,-0.3747085,1.849925,-0.43245485,2.1254845,-0.48065555,0.8096996,-0.5046019,1.1563355,-0.76549727,1.3710322,-0.93177426,1.570628,-1.0607431
5,0.0,0.0,0.2354143,0.38772768,0.5132783,0.6137267,0.7712093,0.84742975,0.9190056,1.0517906,0.9326464,0.28193772,1.4122096,0.3558781,1.6919441,0.38529772,1.9194854,0.4014577,1.0,-1.8784148e-08,1.5316799,0.0060722055,1.8706092,-0.0057882285,2.1214128,-0.02257151,0.956273,-0.2657221,1.4507447,-0.37607187,1.7798271,-0.43345982,2.024177,-0.47947383,0.8238771,-0.47555384,1.1368891,-0.72083616,1.3392589,-0.8741443,1.5265042,-0.9839763
5,0.0,0.0,0.24900606,0.39023235,0.5279985,0.6231277,0.78829294,0.8492905,0.93094313,1.0623571,0.9369346,0.2870424,1.4331709,0.3658414,1.7251352,0.3965882,1.9586712,0.41532204,0.99999994,1.7256056e-08,1.5443398,0.027040523,1.8992369,0.009538709,2.1597779,-0.014861699,0.952143,-0.26960224,1.4517102,-0.3528549,1.7950215,-0.4094657,2.047666,-0.4592405,0.8157639,-0.49298114,1.1426319,-0.71321994,1.3449848,-0.86148435,1.5354831,-0.9727311
5,0.0,0.0,0.3092278,0.34217507,0.62611395,0.5196667,0.90560025,0.71181214,1.0616792,0.90062773,0.9860235,0.24576491,1.5126203,0.2989069,1.818238,0.32490698,2.060827,0.35282722,1.0,1.9312713e-08,1.5668448,-0.018215384,1.9498931,-0.045537055,2.242747,-0.0621931,0.9105928,-0.26021948,1.4465777,-0.38139147,1.8203582,-0.4601653,2.1057384,-0.52548665,0.7428558,-0.492833,1.0945559,-0.74097484,1.2951083,-0.89479107,1.4941496,-1.0166999
5,0.0,0.0,0.36698425,0.2981108,0.6887929,0.42643175,0.9715729,0.5506473,1.1764446,0.6979413,1.0445198,0.2177824,1.5908417,0.21191901,1.9156585,0.19523196,2.1630867,0.20028058,1.0000001,3.5478347e-08,1.6253383,-0.04514865,2.0376859,-0.105400965,2.3419974,-0.14005479,0.8846323,-0.24741721,1.4657516,-0.34739292,1.8607185,-0.4304255,2.1580334,-0.49368617,0.72301567,-0.4908555,1.0682412,-0.71370274,1.2808601,-0.83539724,1.4927491,-0.9299924
5,0.0,0.0,0.3042066,0.37461132,0.60027903,0.57855666,0.8806804,0.78840166,1.0255265,0.99433213,0.97409046,0.27536345,1.5175868,0.3372609,1.8286153,0.35857093,2.0717432,0.38847807,1.0000001,-3.235886e-08,1.5920105,0.0018816213,1.9778059,-0.021161642,2.268247,-0.034600604,0.9224897,-0.27179664,1.4771842,-0.3758165,1.861602,-0.439462,2.1532075,-0.48745814,0.7689933,-0.50008416,1.1301489,-0.76222456,1.3460912,-0.9200494,1.5599557,-1.0344732
5,0.0,0.0,0.25752267,0.37580296,0.5450756,0.6007012,0.7979607,0.8472934,0.92213005,1.0696821,0.94105977,0.28419513,1.4584445,0.3738463,1.7619902,0.41022873,2.0040495,0.4421998,1.0,4.2515598e-08,1.5606071,0.01952062,1.9317228,0.0065207337,2.20606,-0.010638531,0.94781643,-0.26412034,1.4651988,-0.3548395,1.8256928,-0.40893435,2.0922594,-0.45658764,0.80607724,-0.47594267,1.147087,-0.7297648,1.3585631,-0.89608514,1.5555468,-1.0183445
5,0.0,0.0,0.24878973,0.40896484,0.52235,0.65594447,0.7699098,0.9287225,0.8863278,1.175858,0.9353005,0.30576545,1.4816728,0.40561786,1.8087234,0.44560754,2.0664003,0.47748804,1.0,-3.5961942e-09,1.5878223,0.022685543,1.9769808,0.006641661,2.2565138,-0.017977064,0.95230097,-0.27432677,1.4877847,-0.3767012,1.863922,-0.4430536,2.1356173,-0.5047096,0.8288122,-0.48977414,1.1582633,-0.7516271,1.3655958,-0.92620826,1.5558624,-1.0623642
5,0.0,0.0,0.22028926,0.4147632,0.48250553,0.6694874,0.7215763,0.9461115,0.81418395,1.1924336,0.92929,0.29321587,1.439335,0.38606146,1.752685,0.41981927,2.0089612,0.4388339,1.0,-4.5170026e-08,1.5627414,-0.01807449,1.9202216,-0.044970363,2.185632,-0.081397034,0.95833176,-0.25318366,1.451885,-0.3698739,1.7843444,-0.43890446,2.033685,-0.50489396,0.84182316,-0.43266517,1.1359199,-0.64140475,1.3208092,-0.78638047,1.490456,-0.89754564
5,0.0,0.0,0.19673122,0.4233762,0.45702976,0.7150928,0.70536643,0.98524624,0.802499,1.22724,0.9465323,0.28981096,1.4650041,0.38042787,1.7816043,0.40720877,2.0385823,0.41930678,1.0000001,4.5662542e-08,1.5609201,-0.050171122,1.8927331,-0.087668926,2.1461728,-0.12871763,0.95407444,-0.22762181,1.4298056,-0.34886318,1.7290591,-0.41480404,1.9558294,-0.48244616,0.83946997,-0.37197125,1.1222072,-0.5128857,1.2894961,-0.62275416,1.4279717,-0.7111653
5,0.0,0.0,0.19908983,0.4178898,0.4642953,0.7057893,0.7049204,0.97872686,0.80825454,1.2198132,0.94066525,0.28776857,1.4600269,0.37793285,1.7801195,0.40695548,2.0433173,0.4217356,1.0,5.241826e-08,1.5663335,-0.058996543,1.9061552,-0.09745165,2.169518,-0.1380086,0.9593583,-0.22523665,1.4310645,-0.35343564,1.728445,-0.42406026,1.9604266,-0.49368554,0.84735864,-0.36768234,1.1212234,-0.5122402,1.2877598,-0.6292982,1.4280584,-0.72419304
5,0.0,0.0,0.2402765,0.35346973,0.5435012,0.53569865,0.8021211,0.7530699,0.9179188,0.9708887,0.96809024,0.27167082,1.4712993,0.30699018,1.7611876,0.31312487,1.9957386,0.31860277,1.0,-5.03829e-08,1.5410345,-0.029288642,1.8985666,-0.080022275,2.17266,-0.13651899,0.9120453,-0.27375868,1.4143015,-0.40297198,1.7836908,-0.4983574,2.0717237,-0.5888854,0.73564297,-0.5052802,1.028381,-0.794555,1.2205634,-0.98917884,1.3989447,-1.1417506
5,0.0,0.0,0.24707106,0.3274687,0.56203616,0.48020563,0.8448835,0.6681974,0.984813,0.8687573,0.97338146,0.24595533,1.518097,0.25453275,1.8186711,0.24211597,2.0515919,0.2377596,1.0,2.7204194e-08,1.587387,-0.03682472,1.9661397,-0.095698684,2.2379503,-0.149148,0.9129289,-0.2639057,1.4402918,-0.38543028,1.8284848,-0.47586867,2.1204734,-0.5554133,0.7389832,-0.508183,1.0531161,-0.8036593,1.253511,-0.9942439,1.4410461,-1.1442823
6,0.0,0.0,0.23143508,-0.4214011,0.6827106,-0.7080337,1.1041068,-0.8764484,1.4130365,-1.0180691,1.0731806,-0.3203623,1.3983865,-0.24033904,1.0092131,-0.29703018,0.7738281,-0.3360631,0.99999994,1.5086323e-08,1.314548,0.10346938,0.8602336,-0.044747055,0.70471364,-0.11927976,0.87972844,0.27849412,1.1653053,0.42535213,0.75811946,0.21819523,0.6044353,0.08921367,0.72134566,0.5165759,0.92779315,0.64579123,0.67258936,0.4478359,0.5625653,0.29945928
6,0.0,0.0,0.24349192,-0.42557043,0.70202565,-0.6978515,1.124692,-0.85427713,1.4292471,-1.0004134,1.0798358,-0.31682405,1.3875393,-0.23669305,1.0010977,-0.28942496,0.7631703,-0.32372832,1.0,2.7759238e-08,1.3092492,0.09907355,0.85612726,-0.040273864,0.68251145,-0.110280834,0.8732575,0.2744263,1.1530858,0.41314846,0.7474064,0.2155257,0.5874527,0.08804791,0.7073104,0.5059244,0.9010524,0.6209339,0.6499571,0.42427072,0.54339284,0.27555445
6,0.0,0.0,0.23843782,-0.42514277,0.6831641,-0.71125066,1.0922902,-0.8691862,1.4192561,-0.97369707,1.0759293,-0.3292141,1.4061507,-0.25188822,1.0203805,-0.2931833,0.76907456,-0.33787858,0.99999994,1.9582043e-08,1.3193212,0.09557558,0.86922604,-0.03654761,0.6888277,-0.12422307,0.87717587,0.2837329,1.1704278,0.41619065,0.768417,0.2291382,0.6031553,0.09075304,0.71818435,0.52663475,0.91490364,0.6451566,0.6721156,0.45260283,0.56406575,0.28814575
6,0.0,0.0,0.25101456,-0.42389312,0.71671635,-0.71515507,1.1252578,-0.86161935,1.4437479,-0.96113145,1.0726808,-0.33049247,1.402745,-0.24782918,1.0183043,-0.27097055,0.7770117,-0.30937564,1.0,-1.2270185e-08,1.3103976,0.10025944,0.8626603,-0.020079399,0.69629294,-0.10781302,0.8786305,0.28530493,1.1742857,0.42799217,0.7716729,0.24679023,0.6192571,0.10829696,0.72081524,0.5226906,0.9131917,0.659126,0.6704656,0.46714273,0.5757735,0.30001032
6,0.0,0.0,0.268778,-0.42776725,0.71926033,-0.72496694,1.131498,-0.91814244,1.4442478,-1.0671707,1.0793937,-0.31473356,1.383841,-0.19381824,1.0069525,-0.23717579,0.78131807,-0.32601216,1.0,-9.434258e-09,1.3154024,0.131954,0.8788256,0.0024965978,0.7235964,-0.12155412,0.880032,0.2715558,1.1797947,0.43957102,0.79074275,0.26375857,0.63287735,0.091095805,0.7347587,0.4840439,0.9276812,0.6342354,0.6826314,0.46338028,0.5649274,0.28799945
6,0.0,0.0,0.27425373,-0.4348792,0.73999786,-0.7226865,1.1612723,-0.8985076,1.4702067,-1.0338217,1.0953984,-0.31560004,1.3945894,-0.19315346,1.0055172,-0.25082323,0.77266985,-0.32448015,1.0,-3.829473e-09,1.3032203,0.13725942,0.85800385,-0.011846159,0.7044212,-0.12474045,0.8672891,0.27484602,1.1428279,0.45130527,0.7478943,0.25069654,0.5970149,0.08248728,0.7073381,0.49558568,0.895023,0.6472023,0.644321,0.46017596,0.5329227,0.28883728
6,0.0,0.0,0.27154595,-0.42384496,0.7403028,-0.706056,1.1541495,-0.88862145,1.4628274,-1.0359228,1.0929811,-0.33219776,1.3706528,-0.24558395,0.98738354,-0.29226658,0.7653158,-0.32256228,1.0000001,-1.4021293e-08,1.2842785,0.10462707,0.83453953,-0.045456287,0.6855607,-0.10862146,0.8648064,0.2868626,1.1189092,0.43558493,0.72254175,0.22308408,0.586291,0.09645828,0.69573975,0.5220843,0.86772317,0.66185856,0.61975294,0.4486768,0.5319189,0.28705198
6,0.0,0.0,0.26828173,-0.4471893,0.7345445,-0.7364276,1.1524886,-0.9275722,1.4713831,-1.0780346,1.0951142,-0.32783756,1.4032793,-0.21265493,1.0106614,-0.25832793,0.7712912,-0.33340043,1.0000001,1.9847766e-08,1.331401,0.13176897,0.8785173,-0.0015658736,0.7046409,-0.11487071,0.8670552,0.28192583,1.1635413,0.44760922,0.7613248,0.25974473,0.5979241,0.08828167,0.7061024,0.50674516,0.89443755,0.6568459,0.64791656,0.46898812,0.5382224,0.28301916
6,0.0,0.0,0.26650476,-0.44768888,0.72763324,-0.73739743,1.1442547,-0.9194691,1.4549173,-1.0612037,1.0902418,-0.3249181,1.3986449,-0.20848237,1.0100366,-0.25872892,0.76782066,-0.34213552,1.0,-7.117845e-08,1.313344,0.12483847,0.8706121,-0.012949492,0.7040975,-0.12996915,0.8668139,0.2809422,1.1490475,0.43984577,0.7510816,0.2501965,0.59313154,0.08325279,0.7019785,0.50234133,0.88159144,0.6430604,0.6324189,0.4603068,0.52396965,0.28856492
6,0.0,0.0,0.20484373,-0.4516721,0.6798389,-0.75939435,1.1061125,-0.93241644,1.4086832,-1.0837177,1.0743741,-0.3308604,1.3571634,-0.19623064,0.9596833,-0.24614121,0.74475276,-0.32139322,0.99999994,-1.6868698e-08,1.2410282,0.13938935,0.76741344,-0.006844173,0.65043986,-0.12773597,0.88423324,0.28619832,1.1004219,0.46268347,0.66756773,0.25788468,0.55514514,0.083642304,0.73288727,0.5293952,0.86059624,0.6766513,0.5818121,0.4823218,0.51446354,0.29927906
6,0.0,0.0,0.20063254,-0.4325021,0.6673881,-0.7331485,1.0925045,-0.9003211,1.3917851,-1.0457622,1.0669197,-0.33426678,1.3485595,-0.19784184,0.9446801,-0.2489146,0.7360083,-0.31807032,1.0,-9.401829e-09,1.2521439,0.13416442,0.77007014,-0.014593529,0.6620169,-0.1226676,0.88460433,0.28420404,1.1091003,0.464932,0.6788005,0.2627153,0.5730126,0.09958606,0.7329393,0.52621335,0.8697741,0.678012,0.5941572,0.48407242,0.5312818,0.30504796
6,0.0,0.0,0.20910159,-0.43649793,0.69043213,-0.7341774,1.1252948,-0.8872929,1.4273199,-1.0115739,1.0734537,-0.3301256,1.3405285,-0.16823429,0.935297,-0.2233459,0.74344057,-0.30675608,1.0,-4.616328e-09,1.2370828,0.15215036,0.757951,0.005318378,0.6669051,-0.11702717,0.8865057,0.280405,1.0871884,0.46439806,0.65898436,0.26887053,0.573715,0.1002432,0.74213266,0.5107459,0.86147183,0.6655793,0.58309346,0.48607785,0.52747,0.3099415
6,0.0,0.0,0.2209999,-0.46299818,0.6975822,-0.7835778,1.1289451,-0.9558111,1.4286646,-1.0956783,1.0739226,-0.33762684,1.3524417,-0.19148915,0.9476408,-0.24256025,0.73859245,-0.31825495,0.9999999,-1.3404059e-08,1.2524061,0.148712,0.76891756,-0.0030086676,0.65511495,-0.12031898,0.8872672,0.2917939,1.1119895,0.48429862,0.6813671,0.28219315,0.57753634,0.1169948,0.74088955,0.5327097,0.87624776,0.69041693,0.5979242,0.49710327,0.5344922,0.32294157
6,0.0,0.0,0.23503372,-0.45755425,0.73237866,-0.7666752,1.1654725,-0.91647846,1.4669623,-1.0294518,1.0723511,-0.33837718,1.3364716,-0.18462878,0.93494976,-0.2486983,0.7446386,-0.32632637,1.0,1.050008e-08,1.237781,0.14857206,0.75123143,-0.009794951,0.6619242,-0.12067622,0.8855136,0.2884131,1.0796914,0.46677658,0.64706326,0.26343057,0.5721369,0.1059085,0.7417785,0.5216956,0.84999275,0.669865,0.5688223,0.47707015,0.52481467,0.30522895
6,0.0,0.0,0.1543051,-0.39062095,0.53921497,-0.66677547,0.87933993,-0.840642,1.1413337,-1.0078008,1.0030835,-0.32101715,0.8760693,-0.36960286,0.5713239,-0.3757632,0.6039296,-0.3328223,1.0000001,-7.351584e-09,0.82097477,-0.073790066,0.46167785,-0.17147745,0.5554101,-0.1563597,0.87729734,0.26668078,0.68853515,0.21077503,0.38780895,0.07637004,0.4750244,0.05595164,0.7164042,0.48142448,0.5238326,0.42876995,0.31958893,0.27951005,0.38675278,0.23074242
6,0.0,0.0,0.14428663,-0.39461613,0.5102625,-0.69442976,0.8457498,-0.89390093,1.1173556,-1.0534759,1.0065798,-0.32782155,0.8610673,-0.40996075,0.55609775,-0.40393546,0.58612496,-0.3508951,1.0,1.42171075e-08,0.7748652,-0.09955369,0.424378,-0.18938914,0.5176684,-0.17305696,0.87318903,0.2746734,0.6560968,0.205575,0.35331962,0.07913159,0.42871624,0.06027094,0.70021516,0.5009508,0.5024375,0.45578587,0.29909903,0.3073163,0.35539603,0.25252196
6,0.0,0.0,0.21954829,-0.43807742,0.6931131,-0.7505564,1.1088946,-0.9426415,1.3881987,-1.1310761,1.0709199,-0.3458061,1.2917203,-0.23092553,0.8917461,-0.290969,0.7114329,-0.35055053,1.0000001,-4.1797046e-10,1.2167923,0.11937851,0.72170275,-0.033363394,0.6305019,-0.13256681,0.8820972,0.30037847,1.0657144,0.44936705,0.6227887,0.2517578,0.5427211,0.10572444,0.73360926,0.5438531,0.8459545,0.66892904,0.5568533,0.47741356,0.5032819,0.3167576
6,0.0,0.0,0.22807257,-0.46558765,0.69859,-0.7889975,1.1247427,-0.9677896,1.4260095,-1.1147007,1.0825161,-0.337735,1.3628578,-0.14528316,0.96118796,-0.20036712,0.7659075,-0.30767435,1.0,4.2431953e-08,1.2635638,0.18818666,0.7749709,0.026756443,0.6636336,-0.12643483,0.8843119,0.28527808,1.1137041,0.4943162,0.67327696,0.28569695,0.55980885,0.08887053,0.7496806,0.5092629,0.8995238,0.67694086,0.6160026,0.49977246,0.5415535,0.3106659
6,0.0,0.0,0.23859239,-0.443212,0.70269763,-0.75982916,1.1320286,-0.9379689,1.440498,-1.0711756,1.0764117,-0.33088085,1.3848542,-0.13073996,0.98122364,-0.18543568,0.7817897,-0.2938565,1.0000001,3.6768316e-08,1.2900708,0.20737278,0.8065854,0.0557378,0.6885474,-0.09656536,0.8876442,0.27296245,1.127101,0.4978058,0.6999346,0.29970822,0.5841212,0.1052012,0.7527311,0.4873231,0.9002475,0.66482055,0.6331935,0.49313718,0.55805844,0.30245256
6,0.0,0.0,0.25388667,-0.4007804,0.699769,-0.6932107,1.1052332,-0.85452694,1.39953,-0.956796,1.0752214,-0.30629867,1.3637009,-0.11499867,0.9869409,-0.16557866,0.7863114,-0.27596202,1.0000001,1.6573896e-09,1.281022,0.19605564,0.83470327,0.0584023,0.71305245,-0.08320298,0.8818898,0.25601643,1.1162872,0.4662509,0.73021764,0.28262854,0.61599267,0.1035546,0.74229807,0.45421302,0.88759476,0.61017495,0.6377928,0.44632158,0.55597407,0.28010917
6,0.0,0.0,0.2569081,-0.4298969,0.70647895,-0.72709966,1.1371652,-0.8815999,1.4478239,-0.9704371,1.076019,-0.31220794,1.3874623,-0.14683898,1.0070816,-0.19136845,0.7882284,-0.29312602,1.0,-4.008168e-08,1.3067881,0.17346384,0.860543,0.04520131,0.7208293,-0.090096064,0.8845878,0.2622713,1.1422088,0.45459178,0.74682987,0.2766206,0.6162377,0.09957591,0.74609655,0.46313423,0.9063496,0.6223921,0.65060717,0.46171477,0.55338526,0.2919757
6,0.0,0.0,0.2659993,-0.4275636,0.7293805,-0.73552054,1.161659,-0.91116995,1.489956,-1.0224768,1.0835896,-0.32243916,1.3955749,-0.14952137,1.0027792,-0.19632438,0.79301345,-0.3032818,1.0,2.5208054e-08,1.3045237,0.18253213,0.8454751,0.046070978,0.72740966,-0.09591751,0.87537456,0.27142146,1.1463286,0.48735684,0.74445814,0.30212817,0.62687165,0.11352814,0.7310893,0.47542995,0.907629,0.6619757,0.6520447,0.49736556,0.5620228,0.31356886
6,0.0,0.0,0.254343,-0.4256923,0.7161373,-0.7340443,1.1412195,-0.91572785,1.4570636,-1.0332264,1.0826393,-0.32309943,1.3601778,-0.1613856,0.9680291,-0.22283028,0.7654598,-0.3293081,0.99999994,1.1147553e-09,1.2810707,0.17073235,0.82314146,0.021303155,0.7111888,-0.11618234,0.8799134,0.27259395,1.1268938,0.46898782,0.72530943,0.2755949,0.6188149,0.096944764,0.74176264,0.47755378,0.89662105,0.6425467,0.63323075,0.47100803,0.55051494,0.29785582
6,0.0,0.0,0.14861757,-0.39379737,0.5043119,-0.6972271,0.8251908,-0.9071319,1.089567,-1.0926639,1.0106537,-0.32518664,0.82338613,-0.46087623,0.5326598,-0.43865776,0.55682087,-0.3546226,1.0,3.0650529e-09,0.7416251,-0.13941194,0.41267946,-0.21183056,0.49335378,-0.17191544,0.8671776,0.26425925,0.6077079,0.15015048,0.3269974,0.044335186,0.39285773,0.05649915,0.6854658,0.4755228,0.4558361,0.3950019,0.26143515,0.25541374,0.3078995,0.21505943
6,0.0,0.0,0.11164225,-0.49236703,0.5780107,-0.85121596,0.93963265,-1.0531558,1.2510557,-1.2718539,1.0440764,-0.37774375,0.55793697,-0.6458632,0.29903477,-0.5916829,0.36482677,-0.4587091,1.0000001,1.0477543e-08,0.40866613,-0.30198848,0.15428671,-0.31101963,0.24204852,-0.21435234,0.8272142,0.30930883,0.27000552,0.032989208,0.057068046,-0.027604477,0.13095997,0.028756464,0.60648084,0.5618895,0.2056953,0.37291783,0.03927598,0.2598551,0.083565965,0.26103464
6,0.0,0.0,0.10497636,-0.56096226,0.58362424,-0.99353397,0.9591494,-1.2315989,1.3085022,-1.481759,1.0766147,-0.43251404,0.47949076,-0.78381866,0.21663344,-0.7058746,0.3246691,-0.543124,1.0000001,-5.5349765e-09,0.30705452,-0.40283927,0.068317145,-0.3806507,0.20094472,-0.25438666,0.79582554,0.34295905,0.15952352,-0.029652175,-0.046181787,-0.060803317,0.0560101,0.022760605,0.55095565,0.61445683,0.083988816,0.36030486,-0.08033883,0.28037226,-0.016090892,0.32461327
6,0.0,0.0,0.19073267,-0.54463553,0.69685125,-0.9119396,1.079895,-1.1049901,1.4363482,-1.2919114,1.1105003,-0.36316314,0.55570716,-0.78367966,0.3120777,-0.720124,0.39637342,-0.5491269,1.0000001,-5.6524043e-09,0.36609572,-0.4864296,0.1628614,-0.4411285,0.2710482,-0.29665142,0.7847119,0.28406772,0.2132621,-0.18795556,0.034036994,-0.1901427,0.12676921,-0.07733185,0.5335202,0.50846654,0.12493789,0.1468545,-0.011173979,0.0768478,0.053844545,0.14990368
6,0.0,0.0,0.19341393,-0.60297614,0.7202497,-1.0102235,1.1343669,-1.2261013,1.5324771,-1.4252776,1.1407447,-0.40711108,0.5608006,-0.8509755,0.31616285,-0.7979268,0.4088287,-0.6289544,1.0,-2.1342371e-08,0.3155178,-0.52990085,0.11501951,-0.4942712,0.25043127,-0.3396462,0.7513269,0.31145844,0.13699569,-0.1999121,-0.036879696,-0.20120391,0.080874786,-0.07261019,0.47123858,0.5544788,0.020076672,0.1650046,-0.111485206,0.09901264,-0.022527656,0.18656567
6,0.0,0.0,0.0888555,-0.4051376,0.41957062,-0.7276941,0.72900844,-0.9465974,1.0136075,-1.1388972,0.9793441,-0.34657273,0.6483846,-0.4501596,0.42959085,-0.4325125,0.48226753,-0.37063652,1.0,2.9278509e-09,0.5628431,-0.09814927,0.32423362,-0.16430248,0.41139978,-0.14509363,0.88905543,0.2982619,0.46320486,0.22505005,0.21836987,0.11227629,0.25222927,0.08529852,0.70846176,0.54683244,0.39312452,0.51692665,0.19577934,0.37028676,0.20460168,0.2864736
6,0.0,0.0,0.16692954,-0.4349651,0.61132866,-0.73864305,1.0220773,-0.9216247,1.3164114,-1.1095676,1.0271038,-0.34673983,1.1577435,-0.22638184,0.7682875,-0.2661343,0.63742745,-0.31773612,1.0,2.2482643e-08,1.0953896,0.11241789,0.6296062,-0.031745028,0.6058797,-0.1287204,0.9029245,0.29323813,0.94467664,0.42499045,0.54131895,0.24589662,0.5362665,0.11455528,0.7647512,0.533036,0.76439637,0.65079284,0.48395142,0.47762644,0.47740707,0.32720652
6,0.0,0.0,0.23395258,-0.46918818,0.73676497,-0.7727103,1.1928593,-0.92790794,1.5134828,-1.0668505,1.0955375,-0.34146088,1.3543974,-0.13357647,0.94639194,-0.2114564,0.7798033,-0.31693646,1.0,2.832662e-08,1.2372991,0.1898952,0.74957836,0.008090966,0.6868779,-0.13200137,0.8710482,0.28933132,1.0770397,0.49769938,0.6399147,0.2751774,0.5689915,0.094471835,0.7239806,0.5133338,0.8549105,0.67287123,0.5696242,0.4909842,0.51439214,0.3207388
7,0.0,0.0,0.15857795,-0.33676508,0.4796044,-0.62774944,0.7497405,-0.84653443,0.9707043,-1.0783923,1.0473422,-0.28951162,1.4883717,-0.2058246,1.7447212,-0.14377688,1.9768449,-0.07152488,1.0,-5.2753773e-08,1.114821,0.20142078,0.735132,0.14402844,0.51843077,0.043740805,0.8876032,0.24498188,0.94508576,0.43703786,0.60887855,0.31913567,0.4644583,0.16373475,0.7488643,0.43331304,0.7873604,0.60128844,0.55513144,0.4712674,0.45474637,0.3120751
7,0.0,0.0,0.17872566,-0.32894313,0.5034876,-0.6132936,0.76621866,-0.8261758,0.97650677,-1.0422937,1.0477788,-0.2715315,1.4846565,-0.17851934,1.7318542,-0.11539744,1.9602783,-0.048709363,0.99999994,1.2611009e-08,1.1322843,0.20576932,0.75520045,0.16127138,0.5424013,0.06615526,0.8877502,0.23381168,0.9694094,0.43194696,0.6370074,0.32865337,0.48509094,0.18158792,0.7440574,0.41115567,0.8158255,0.59182227,0.5941723,0.4804084,0.48757073,0.328645
7,0.0,0.0,0.20372501,-0.3620369,0.5526937,-0.6363332,0.8771346,-0.8509443,1.1195999,-1.0326376,1.0671759,-0.24521731,1.4969555,-0.16584218,1.745715,-0.12333476,1.9788948,-0.06029169,0.99999994,-1.5919847e-08,1.239777,0.10504477,0.88540024,-0.017691953,0.67335343,-0.09218926,0.84988517,0.21358207,0.9850212,0.32959804,0.66988426,0.1583157,0.52046674,0.038240194,0.66199166,0.3917933,0.78213084,0.4979922,0.5885271,0.32624313,0.49075967,0.19575562
7,0.0,0.0,0.2061768,-0.362092,0.56110543,-0.6400455,0.8891548,-0.8559765,1.1364795,-1.0381871,1.066728,-0.24592754,1.5001718,-0.1639373,1.7489594,-0.12221254,1.9840391,-0.060659837,1.0,-1.91827e-09,1.2549887,0.113497905,0.9053448,-0.013262048,0.69368595,-0.09102237,0.8514562,0.21222748,0.9954002,0.33593914,0.67852086,0.1597178,0.5244178,0.035015523,0.6686708,0.38988432,0.79264927,0.4935503,0.593959,0.3235628,0.4878557,0.19649674
7,0.0,0.0,0.19872196,-0.35985014,0.55326384,-0.6434438,0.8781472,-0.86556864,1.1235973,-1.0470524,1.0634987,-0.2522892,1.4914609,-0.17036285,1.7372179,-0.12978117,1.9691677,-0.07076265,1.0,1.9532767e-08,1.2506346,0.11185295,0.8910784,-0.016647924,0.67772746,-0.09430727,0.85312927,0.21392472,0.9980677,0.3389184,0.67696506,0.16461352,0.52415454,0.046777263,0.673815,0.39280197,0.79896486,0.49591544,0.59232324,0.32494903,0.48359707,0.20316942
7,0.0,0.0,0.2019701,-0.3596464,0.54701525,-0.63365525,0.86595345,-0.84131837,1.1113849,-1.0245423,1.0613384,-0.24881117,1.4842337,-0.17528209,1.7284697,-0.12935635,1.9574172,-0.061158895,1.0,-4.5399585e-08,1.2508842,0.104040466,0.90063626,-1.1365689e-05,0.6678931,-0.074700505,0.8564861,0.21609704,1.0021319,0.32370004,0.68227136,0.16499381,0.50727296,0.040090945,0.672365,0.39254025,0.797092,0.48885423,0.59432137,0.32447773,0.47466406,0.19506472
7,0.0,0.0,0.19511066,-0.36066595,0.5452897,-0.63333356,0.8655671,-0.8467843,1.1106128,-1.0295732,1.0611548,-0.24832904,1.4893615,-0.17161828,1.735519,-0.12534189,1.966911,-0.05674255,1.0000001,1.9934452e-08,1.2473763,0.10585241,0.88727975,-0.0111075975,0.6638106,-0.08707021,0.8551095,0.21584462,1.0011823,0.32386723,0.6733188,0.15439878,0.5113326,0.033596855,0.66857314,0.39330718,0.79097444,0.49105436,0.5847905,0.31620786,0.47749287,0.1862817
7,0.0,0.0,0.20116965,-0.3642473,0.5614394,-0.6486983,0.8824699,-0.8634283,1.1252307,-1.047405,1.0661253,-0.24762881,1.4918042,-0.14395519,1.7340012,-0.08860786,1.9630607,-0.019107208,1.0,-6.036926e-08,1.1958525,0.09031406,0.81947106,-0.04269643,0.5997053,-0.119072214,0.85472494,0.21814685,0.98654103,0.32140025,0.65374804,0.13726282,0.48651585,0.0113716,0.6747208,0.40221542,0.8003408,0.50422865,0.5876095,0.32118404,0.46743333,0.18763171
7,0.0,0.0,0.18435769,-0.34986427,0.60441977,-0.6185816,0.9431091,-0.81418777,1.1833445,-0.9787795,1.0604982,-0.23200977,1.5368083,-0.17029598,1.8044674,-0.14757214,2.0341358,-0.118141204,1.0000001,9.504975e-08,1.1821845,-0.10306057,0.7614856,-0.2282121,0.5605616,-0.19485779,0.8631099,0.21983609,0.96217066,0.15065488,0.605161,-0.01109763,0.48835692,0.0010007721,0.68093675,0.42116457,0.7770166,0.39685744,0.55067575,0.20649213,0.47081947,0.17526545
7,0.0,0.0,0.18790753,-0.34021488,0.5811772,-0.58792067,0.9049059,-0.7713087,1.1379712,-0.90652764,1.0301105,-0.2374464,1.4787834,-0.1987324,1.7373985,-0.18300286,1.9592273,-0.15955323,1.0000001,3.3406817e-08,1.120701,-0.16825594,0.735243,-0.2602421,0.5428669,-0.21411315,0.8796075,0.22104023,0.8998258,0.07453355,0.5774905,-0.041870724,0.4773828,0.0027610832,0.7059102,0.41620603,0.7264068,0.31512666,0.52332574,0.16243486,0.4632974,0.17215861
7,0.0,0.0,0.18891923,-0.33720928,0.5844216,-0.5862085,0.90437156,-0.774575,1.1332939,-0.9154179,1.0336478,-0.23566052,1.4777702,-0.19780087,1.7260672,-0.18415743,1.9482145,-0.16311064,1.0,5.1703136e-08,1.1212106,-0.17024499,0.7239168,-0.25639418,0.5508997,-0.19698857,0.8741329,0.21719304,0.89531523,0.071296625,0.56199574,-0.037375554,0.48363703,0.023655498,0.69657755,0.40806872,0.7119884,0.30901793,0.5057049,0.1590705,0.464653,0.18040879
7,0.0,0.0,0.21807174,-0.28990003,0.5789811,-0.5284177,0.90448236,-0.68446434,1.155794,-0.8443318,1.0448835,-0.2453634,1.4422433,-0.1986211,1.6664358,-0.14551839,1.8722821,-0.07386895,1.0,1.1315865e-08,1.2872523,0.2163328,0.9698104,0.23263532,0.7215361,0.17243128,0.8818643,0.19929312,1.0448097,0.4055482,0.744947,0.3604773,0.56546634,0.23522303,0.7343463,0.34356326,0.8297741,0.5105382,0.6389027,0.44528583,0.51279855,0.31385812
7,0.0,0.0,0.20787773,-0.34236425,0.5542943,-0.62068504,0.85926634,-0.8093757,1.1051421,-0.9790467,1.0618994,-0.25701582,1.4523244,-0.18767457,1.6784016,-0.13989004,1.8805499,-0.08099709,1.0,-4.2400373e-08,1.2488464,0.15777436,0.92665434,0.12944427,0.68943346,0.06579533,0.87037593,0.21290609,1.0352613,0.38329718,0.74116445,0.28877684,0.56075335,0.16268553,0.7128694,0.37912112,0.8423122,0.5255037,0.6561896,0.41416132,0.5272223,0.27377117
7,0.0,0.0,0.20115656,-0.3754616,0.55272126,-0.6585541,0.8724351,-0.87597287,1.1084594,-1.0694654,1.0709774,-0.25780445,1.4762399,-0.14735696,1.7114487,-0.08127324,1.9378357,-0.005530318,1.0,-4.099798e-09,1.2131872,0.13605769,0.85146827,0.04738352,0.6361384,-0.034227207,0.85169023,0.22788379,0.9893157,0.36194396,0.65767545,0.21303843,0.4937402,0.08269168,0.66677225,0.41068572,0.8026413,0.53109354,0.5873608,0.38162804,0.46426436,0.2515919
7,0.0,0.0,0.23246694,-0.35288778,0.57399446,-0.6271992,0.8784799,-0.8354264,1.1171418,-0.99684894,1.0751568,-0.23962243,1.5051837,-0.15434784,1.7329806,-0.10184106,1.944843,-0.035977032,1.0,-2.3760395e-08,1.245748,0.09283626,0.90379256,-0.009545683,0.6762487,-0.093324356,0.85386467,0.21277067,1.043766,0.33108988,0.72590005,0.18243276,0.5327724,0.059546907,0.67366993,0.3956161,0.8368912,0.5012958,0.6430218,0.34673575,0.50445575,0.21568446
7,0.0,0.0,0.21238196,-0.32069927,0.53007215,-0.61283976,0.81041676,-0.87325233,1.0266631,-1.0947126,1.0415994,-0.27103814,1.4946685,-0.2534357,1.7445272,-0.2499815,1.9852291,-0.23376554,1.0,-4.1784737e-08,1.1944677,0.07235735,0.83291334,-0.014523751,0.6446795,-0.08158051,0.88411856,0.23678473,1.0318171,0.3317576,0.6951967,0.18733278,0.5400404,0.06963123,0.738413,0.4281869,0.876732,0.529386,0.6553065,0.3791906,0.5399743,0.26219773
7,0.0,0.0,0.2187621,-0.34848058,0.59286284,-0.6182358,0.9113845,-0.8380097,1.144347,-1.0101117,1.0700738,-0.249488,1.5251237,-0.186198,1.7784904,-0.16172075,2.0087726,-0.118842885,1.0,-4.941694e-08,1.2118033,0.045640916,0.8306494,-0.067287445,0.61209387,-0.11881693,0.85756505,0.23068321,1.007169,0.30256575,0.67198735,0.13885005,0.5185797,0.05346501,0.67909974,0.42564553,0.8212558,0.51310843,0.60420984,0.3269678,0.49230483,0.2170037
7,0.0,0.0,0.21337734,-0.34949356,0.5838614,-0.61838406,0.90470785,-0.8342452,1.1396577,-1.007767,1.0700309,-0.25037566,1.5245371,-0.18351977,1.7796525,-0.15597762,2.0128095,-0.111895196,1.0,-2.0055916e-08,1.2063606,0.049353864,0.81977206,-0.0644163,0.6082599,-0.11516757,0.8584451,0.2315222,1.0032989,0.30871978,0.66433537,0.14215966,0.5173511,0.05383582,0.6825542,0.42657402,0.81892365,0.5204717,0.6005351,0.33195978,0.4949597,0.21836928
7,0.0,0.0,0.204769,-0.35352096,0.58546656,-0.6235786,0.9050275,-0.82872,1.1388412,-0.9950829,1.0667677,-0.24922246,1.5141973,-0.18237388,1.7568407,-0.15759325,1.9799176,-0.113926925,1.0,5.614111e-08,1.2041678,0.04594718,0.8235345,-0.066962585,0.6094795,-0.117072485,0.8588705,0.22778134,1.0007597,0.29886073,0.66739374,0.13569686,0.5202743,0.051250085,0.68217176,0.41960096,0.8170528,0.50716174,0.5998043,0.32280415,0.49205548,0.2133438
7,0.0,0.0,0.20653838,-0.356464,0.58659774,-0.6252066,0.90594435,-0.8321344,1.1366765,-0.99911535,1.0697668,-0.25063378,1.5214489,-0.17684826,1.7661217,-0.15019403,1.9910808,-0.110381946,1.0,-4.1057433e-08,1.1997505,0.044478178,0.8121614,-0.073327266,0.60614187,-0.123745635,0.8584481,0.22869101,0.9971955,0.29765412,0.6592846,0.13207473,0.515978,0.04841294,0.6839958,0.42197722,0.8168131,0.50818235,0.59697694,0.32173246,0.49227026,0.21104564
7,0.0,0.0,0.1910244,-0.3851905,0.56097317,-0.6779191,0.88306755,-0.90458494,1.1204656,-1.1077849,1.0489856,-0.27655482,1.5140796,-0.18517627,1.7852699,-0.13983767,2.038511,-0.07877612,1.0,7.587506e-08,1.1139497,0.060627647,0.7055415,-0.057270598,0.49661353,-0.12748106,0.861484,0.24639386,0.90349513,0.3255654,0.55064994,0.14958166,0.41516665,0.027308827,0.6816024,0.44523242,0.72741044,0.5389367,0.49481538,0.34068224,0.40846056,0.19597949
7,0.0,0.0,0.15065105,-0.38817132,0.53823256,-0.7035974,0.8522157,-0.9402435,1.0650029,-1.1598516,1.0314313,-0.29866838,1.4987679,-0.19858867,1.7670802,-0.13688256,2.0274355,-0.06924638,1.0,-9.377308e-09,1.0726063,0.10785412,0.67370975,0.006469996,0.4937766,-0.08152083,0.8754536,0.25685972,0.8590953,0.35643655,0.51505274,0.19291833,0.40842664,0.05777521,0.7042495,0.46874532,0.69383425,0.5734064,0.44015086,0.39863598,0.3632923,0.25368488
7,0.0,0.0,0.21091138,-0.34616715,0.5661802,-0.6246746,0.8559309,-0.8406067,1.0624144,-1.02193,1.0619773,-0.25292233,1.5114368,-0.18697822,1.7484865,-0.16329546,1.9731957,-0.12512007,1.0000001,-4.2922874e-08,1.1828381,0.071632,0.8011122,-0.038305007,0.60929674,-0.0925205,0.86540353,0.2286815,0.9981402,0.32952243,0.6572915,0.16870236,0.51445276,0.07366577,0.69800645,0.41704753,0.8319063,0.52624655,0.5998697,0.35661072,0.48510003,0.24764585
7,0.0,0.0,0.20230718,-0.34727922,0.5498274,-0.62691045,0.8378808,-0.83999777,1.0410521,-1.0123805,1.05566,-0.25410163,1.492799,-0.21058474,1.7326738,-0.192661,1.9577867,-0.165122,1.0,5.1251007e-08,1.1639615,0.047670156,0.78342927,-0.05886667,0.600429,-0.10736698,0.8679687,0.22875749,0.9661541,0.29877087,0.63017684,0.14628175,0.5046458,0.06584283,0.7048791,0.41630968,0.8078614,0.49997264,0.5781717,0.32978645,0.48065862,0.23197669
7,0.0,0.0,0.21614853,-0.3661103,0.5934249,-0.6398539,0.90579087,-0.8334056,1.133997,-1.0000585,1.0717725,-0.25581834,1.5205381,-0.18912683,1.7607079,-0.1657826,1.9853477,-0.12567206,1.0,8.545886e-09,1.1955246,0.03516881,0.80435103,-0.08437988,0.58682543,-0.13440052,0.85605043,0.23325767,0.9969199,0.29798162,0.65499383,0.12163947,0.4965644,0.027765011,0.6765626,0.4295139,0.8111169,0.50813353,0.59425116,0.31049764,0.479837,0.1861379
7,0.0,0.0,0.20916119,-0.35047573,0.57842857,-0.6186419,0.89023143,-0.82262176,1.1176814,-0.98520166,1.0668842,-0.2518968,1.5173717,-0.19687828,1.763069,-0.17601973,1.9893024,-0.13418595,1.0000001,3.8559964e-08,1.206023,0.03735626,0.8190005,-0.07283478,0.5953307,-0.11656421,0.8581677,0.22859353,0.99929786,0.29513025,0.6640643,0.13025932,0.50620615,0.043661922,0.677647,0.42205244,0.81429213,0.51172054,0.603193,0.32382327,0.49111035,0.20360202
7,0.0,0.0,0.20178232,-0.35353264,0.57467526,-0.6230909,0.89059126,-0.82326424,1.1172296,-0.9861125,1.0634121,-0.2518335,1.5129125,-0.19421525,1.7607486,-0.17129838,1.9882053,-0.12643099,0.99999994,2.1373943e-09,1.2037586,0.043484874,0.8170315,-0.06687288,0.5927955,-0.11484725,0.86133856,0.2293068,0.9969165,0.3024032,0.65973556,0.13550559,0.5057013,0.04917898,0.6832219,0.42223385,0.8098947,0.50824046,0.59065974,0.32028756,0.48018157,0.2090773
7,0.0,0.0,0.20488092,-0.35880783,0.5820339,-0.63221467,0.89438653,-0.83251816,1.1248782,-0.99307436,1.0681366,-0.25575748,1.5150898,-0.19938293,1.7588403,-0.18082619,1.9848336,-0.1419256,1.0,3.124978e-08,1.1923203,0.02805716,0.80623555,-0.085055895,0.5896293,-0.12535155,0.8588498,0.23187232,0.9997539,0.29574743,0.6624533,0.12459733,0.5074655,0.040941965,0.67831373,0.42686456,0.81500286,0.5108944,0.5985927,0.31755427,0.4867601,0.20146354
7,0.0,0.0,0.2080247,-0.36275002,0.5916633,-0.6344046,0.9055576,-0.83167845,1.13167,-1.0025194,1.0705304,-0.25719193,1.526398,-0.19512118,1.7806259,-0.17388906,2.0130508,-0.13673955,1.0,-3.922317e-08,1.2085158,0.0275039,0.81343955,-0.09386053,0.58964074,-0.13750853,0.85663885,0.23484467,1.0038038,0.29408982,0.6590479,0.114621356,0.5017384,0.027548732,0.6727439,0.43471187,0.8153393,0.5133818,0.60105675,0.31004697,0.49464965,0.1855953
8,0.0,0.0,0.19410804,-0.3549542,0.50314367,-0.6362198,0.74590254,-0.82765025,0.93109035,-1.0222147,1.0120429,-0.24420805,1.395806,-0.29595104,1.6282183,-0.32163936,1.8424197,-0.32913503,0.99999994,-3.7554507e-08,1.4384366,0.04883559,1.6954933,0.09261375,1.9185474,0.14735128,0.88296854,0.20745641,1.1514496,0.31979573,0.8869205,0.22653103,0.6681548,0.13985752,0.6923178,0.38914678,0.85066587,0.51113486,0.67625815,0.40651277,0.5096221,0.30042914
8,0.0,0.0,0.17304341,-0.36359966,0.45851758,-0.64555854,0.69866765,-0.8474704,0.8798012,-1.0489599,0.9981668,-0.24593948,1.3809686,-0.30128995,1.6073594,-0.32416904,1.8195635,-0.3197841,0.99999994,1.3480367e-08,1.424645,0.045169525,1.6883358,0.1019966,1.9174678,0.16637649,0.8872939,0.19795188,1.1519716,0.31829065,0.8928771,0.26484227,0.6700968,0.19704069,0.70199764,0.361497,0.8666944,0.5043119,0.7008924,0.45160827,0.5312751,0.3741907
8,0.0,0.0,0.21003033,-0.34503722,0.54984987,-0.575234,0.80265325,-0.7133991,0.99713004,-0.8477597,1.0197135,-0.22959055,1.3928711,-0.29084036,1.6220354,-0.31790447,1.8368355,-0.3271178,1.0,1.0430965e-08,1.419065,0.029661683,1.6718355,0.044754006,1.9012194,0.070496924,0.87383676,0.195941,1.1077713,0.26110023,0.8347692,0.12651864,0.62416595,0.027602041,0.67437136,0.35967636,0.7916009,0.40419406,0.602756,0.25728622,0.44329712,0.15439536
8,0.0,0.0,0.21343116,-0.33783823,0.556881,-0.5615711,0.8066274,-0.6931483,1.0102786,-0.8154833,1.0248746,-0.22664666,1.4028623,-0.29212016,1.6390622,-0.32329887,1.859883,-0.33889458,1.0,-1.4774273e-08,1.4283524,0.022372354,1.6828358,0.029300861,1.9154222,0.048299145,0.8679611,0.19453035,1.0961163,0.25726742,0.8190915,0.11584832,0.6129332,0.016841672,0.66490275,0.35776842,0.778863,0.40300077,0.5955652,0.24337953,0.44953084,0.13191864
8,0.0,0.0,0.21321376,-0.33787125,0.5543828,-0.5700277,0.81370056,-0.7051581,1.0137701,-0.8388025,1.0225862,-0.22957045,1.4020443,-0.29581127,1.6390635,-0.3272063,1.8611833,-0.34093058,1.0000001,-1.444889e-08,1.4272435,0.01908547,1.6821392,0.026129704,1.911901,0.043209452,0.8735865,0.20027846,1.1097617,0.25646436,0.8432147,0.11955197,0.6351065,0.018474506,0.6761061,0.3707638,0.79631937,0.40774158,0.6148907,0.25252736,0.4595453,0.14222331
8,0.0,0.0,0.21671921,-0.3333024,0.5734314,-0.5609129,0.83218527,-0.6906922,1.0421447,-0.808268,1.0283936,-0.2259694,1.4088718,-0.2973146,1.6466968,-0.329575,1.8668345,-0.34929323,1.0,-6.7026306e-08,1.4353863,0.015874764,1.6818464,0.0071665444,1.900816,0.0068286965,0.86781406,0.19474316,1.0871645,0.2386823,0.81024766,0.099590324,0.605147,0.008969038,0.66803974,0.36009914,0.76156354,0.37301388,0.5804501,0.2130905,0.43762752,0.11122802
8,0.0,0.0,0.21521834,-0.35099027,0.5506868,-0.6091882,0.81402886,-0.7795102,1.008794,-0.9576487,1.0250617,-0.23719434,1.4092696,-0.29151472,1.6341935,-0.31899065,1.8462629,-0.33195066,1.0,4.0442437e-08,1.4410584,0.04259525,1.6983414,0.063614056,1.9239072,0.09677883,0.8720272,0.20363359,1.1596596,0.29343015,0.908221,0.17677122,0.6985011,0.0881608,0.6711454,0.38100162,0.8454701,0.46877524,0.67592645,0.3367229,0.5072937,0.22990817
8,0.0,0.0,0.16822456,-0.3518951,0.43784595,-0.64846236,0.6668287,-0.8712072,0.8409285,-1.0936316,0.98920226,-0.2529468,1.3829863,-0.32000718,1.6141291,-0.35615194,1.8372842,-0.3681073,1.0,-3.0095812e-08,1.4693445,0.018377157,1.7312962,0.06807157,1.9696921,0.11892811,0.893627,0.20238791,1.2064126,0.34195763,0.92158157,0.3208492,0.6916965,0.2598312,0.72500724,0.37259725,0.9028075,0.5341282,0.728799,0.4947565,0.5647749,0.41630322
8,0.0,0.0,0.16024433,-0.29084998,0.3899119,-0.56556374,0.5975147,-0.7893004,0.74921894,-1.0224614,0.98769337,-0.22221039,1.3633468,-0.26196298,1.5750493,-0.28527838,1.7775112,-0.29036573,1.0,1.2377674e-08,1.4490886,0.0157146,1.698009,0.079711616,1.9211428,0.14227109,0.90160805,0.17181386,1.1908257,0.32629177,0.92396027,0.3812873,0.7006064,0.363991,0.7511589,0.31547767,0.89235556,0.48702183,0.7353445,0.5119556,0.58950675,0.4775815
8,0.0,0.0,0.14240511,-0.25364366,0.35915503,-0.49752435,0.5702767,-0.7161173,0.72522336,-0.94203067,0.9753481,-0.19700089,1.3604394,-0.24787346,1.5805249,-0.272916,1.774264,-0.28136063,1.0,4.6941114e-08,1.4609475,0.01557519,1.7038437,0.07812871,1.9161961,0.13474838,0.90871876,0.15739506,1.1983553,0.30790076,0.95345384,0.38319767,0.7390898,0.37394184,0.75946116,0.2851994,0.90619123,0.45589525,0.7519394,0.47840318,0.5984259,0.43885276
8,0.0,0.0,0.13665417,-0.23517431,0.3287001,-0.47805232,0.53041524,-0.6954727,0.6830331,-0.9175663,0.9715492,-0.20384303,1.3405526,-0.25229487,1.557237,-0.28456527,1.7556435,-0.29821667,1.0,3.5284618e-08,1.4490025,0.0065680766,1.6896306,0.0637512,1.9027773,0.11151514,0.9155984,0.15902258,1.1911241,0.31122646,0.9452421,0.38934815,0.7309376,0.38217175,0.7771142,0.28694817,0.9064924,0.44995338,0.7453389,0.48600024,0.5886271,0.45848992
8,0.0,0.0,0.16179323,-0.3023473,0.3957755,-0.58097583,0.59956497,-0.81841457,0.76895666,-1.0504135,0.9892547,-0.23240438,1.3594693,-0.29298428,1.5736,-0.31758276,1.7840738,-0.32388917,1.0,-4.3634916e-08,1.4345888,0.015003112,1.6767626,0.08164483,1.904973,0.14687137,0.89773506,0.18010797,1.1739222,0.33887875,0.89902526,0.3673717,0.6782336,0.33587092,0.74207973,0.33369467,0.8638205,0.517792,0.7060947,0.5307856,0.57000816,0.4865151
8,0.0,0.0,0.1708344,-0.34939036,0.46819648,-0.6234504,0.71732855,-0.8425234,0.92251354,-1.0508555,1.001087,-0.25348306,1.4177011,-0.3229568,1.6568652,-0.34868938,1.8822511,-0.3472707,1.0000001,1.8553704e-08,1.4555938,0.014093521,1.7357665,0.05973924,1.984567,0.11497762,0.88961244,0.20494722,1.1853123,0.32342076,0.91618794,0.28459796,0.68031085,0.22606324,0.71411115,0.38457307,0.8689196,0.52330047,0.7024964,0.47346175,0.5360241,0.39247197
8,0.0,0.0,0.18485814,-0.3390353,0.4898407,-0.61760837,0.7448451,-0.8138495,0.94888943,-0.99427354,1.0028535,-0.24456124,1.4050895,-0.31238455,1.6457137,-0.34839058,1.8707494,-0.36408013,1.0,2.0508669e-08,1.4704949,0.003683785,1.7319894,0.022239711,1.9635234,0.051091272,0.888127,0.21059224,1.1845484,0.2960813,0.91719484,0.23540361,0.698952,0.17446452,0.70749694,0.39375564,0.8734389,0.49485773,0.6846518,0.40357938,0.50759643,0.31877807
8,0.0,0.0,0.18040538,-0.34101245,0.495218,-0.6105856,0.7476617,-0.800274,0.9486441,-0.98242277,1.0113552,-0.24302684,1.4050874,-0.2961029,1.6457872,-0.32389462,1.8710268,-0.3325569,1.0,2.7257748e-08,1.448188,0.021550853,1.7137328,0.053855013,1.9535757,0.09459375,0.8832756,0.20918478,1.179034,0.31977358,0.9039585,0.24773572,0.68180233,0.17366317,0.69570833,0.39536685,0.8645701,0.5118101,0.6754026,0.418773,0.5008565,0.32304198
8,0.0,0.0,0.18881287,-0.3352366,0.5013744,-0.5975083,0.7579167,-0.7789845,0.9680728,-0.95048183,1.0111265,-0.23817442,1.4099444,-0.2923878,1.6512779,-0.31914964,1.8780637,-0.32561585,1.0,-3.493839e-08,1.4587344,0.020623598,1.7236651,0.048635557,1.960661,0.088461354,0.884366,0.20773545,1.1798722,0.30982152,0.9118245,0.2277278,0.6904699,0.15271123,0.70131266,0.39397448,0.8786244,0.5061807,0.69267845,0.40030476,0.51536953,0.303426
8,0.0,0.0,0.1814974,-0.3280769,0.49037203,-0.58519816,0.74297005,-0.7622631,0.95087516,-0.92962414,1.01127,-0.2317768,1.4008735,-0.2882209,1.6380742,-0.31990764,1.8553922,-0.3363735,0.99999994,-1.8928732e-08,1.4557301,0.01170863,1.7138027,0.024269154,1.9396938,0.049994737,0.88048387,0.2053995,1.1807959,0.29627743,0.91489214,0.19632365,0.6951042,0.11205171,0.68715703,0.38952577,0.85947615,0.49052432,0.67229414,0.37376755,0.4936847,0.27236226
8,0.0,0.0,0.16842349,-0.33213526,0.45837077,-0.6187238,0.6941339,-0.8348638,0.8771505,-1.0384525,0.9877222,-0.24812926,1.3744344,-0.3321763,1.5900377,-0.38142,1.7965736,-0.40941575,1.0,3.6710603e-08,1.4545267,0.025484696,1.7113612,0.079741806,1.9356012,0.13025641,0.8988439,0.20201875,1.1893191,0.31513914,0.9151885,0.29276544,0.6932669,0.24153227,0.731958,0.38142478,0.8849341,0.52127475,0.70977986,0.47308278,0.54770476,0.39577198
8,0.0,0.0,0.15709782,-0.34415832,0.44851115,-0.64375544,0.67621005,-0.8714785,0.85062855,-1.0787553,0.9888093,-0.2577702,1.3578107,-0.37929758,1.562975,-0.43950176,1.755937,-0.46971706,0.99999994,-9.059344e-09,1.4239674,0.11903496,1.6748759,0.24036774,1.8882706,0.34518367,0.89078647,0.19793384,1.1863588,0.31320637,0.89901537,0.27829498,0.6626932,0.22715047,0.70349246,0.36187103,0.8523314,0.5012448,0.6836257,0.4582372,0.52294505,0.3848836
8,0.0,0.0,0.16292067,-0.35524043,0.4588912,-0.6531677,0.684773,-0.883994,0.8669327,-1.0882334,0.99601465,-0.26449153,1.3617706,-0.38544425,1.5713495,-0.44575033,1.7692432,-0.48243994,1.0,4.7369735e-09,1.4188989,0.13201824,1.6699874,0.2527091,1.89271,0.36070514,0.88884133,0.19937974,1.1743047,0.31251937,0.89114,0.25673234,0.6597784,0.2009551,0.6968644,0.36767966,0.8465795,0.50399196,0.66759336,0.43194005,0.4976985,0.34492463
8,0.0,0.0,0.1669208,-0.3619303,0.4561789,-0.6624562,0.6830233,-0.8888356,0.86180776,-1.0920761,0.9993868,-0.26430932,1.3759818,-0.38056898,1.590644,-0.43454638,1.7924173,-0.4657369,1.0,-3.6473895e-09,1.4184334,0.13879593,1.6672989,0.26082623,1.8882071,0.37011805,0.88499796,0.19733694,1.1761327,0.31214482,0.89296186,0.24947746,0.6622286,0.18875054,0.68756217,0.36326736,0.84677434,0.50468105,0.6694096,0.42832723,0.4989148,0.33708867
8,0.0,0.0,0.16907662,-0.35587716,0.46540883,-0.6495685,0.6970803,-0.86719334,0.87702346,-1.0650307,1.0006385,-0.2600916,1.3741933,-0.37132844,1.5870986,-0.42493102,1.7845465,-0.45597503,1.0000001,5.7919042e-08,1.4091176,0.124604456,1.6541547,0.24293189,1.8695757,0.35088158,0.8834446,0.19682938,1.1644424,0.31064007,0.88838553,0.25334486,0.66414535,0.19483046,0.6899115,0.35918742,0.8386507,0.49898458,0.66812587,0.43102768,0.50524426,0.34826767
8,0.0,0.0,0.16654679,-0.36046845,0.4590889,-0.6580975,0.69279814,-0.87632275,0.8755453,-1.0743132,1.0025015,-0.2669172,1.3741384,-0.374904,1.5927267,-0.42538756,1.795252,-0.45475343,1.0,8.063285e-09,1.4133826,0.12891287,1.6637764,0.24775477,1.8801526,0.3531286,0.88218135,0.20093153,1.1598526,0.31099227,0.8885475,0.2620388,0.66042894,0.20717536,0.6887874,0.36658573,0.84353065,0.5074062,0.67333406,0.4420645,0.50465494,0.35690847
8,0.0,0.0,0.16559744,-0.3477577,0.4521509,-0.6448071,0.68157244,-0.8737427,0.8679388,-1.0745854,1.0012077,-0.26134297,1.3700827,-0.36882913,1.585449,-0.42135438,1.7857759,-0.45006907,1.0,-2.4373922e-08,1.4101249,0.11904717,1.6583674,0.23471081,1.8715801,0.33578125,0.88556814,0.20165426,1.1550382,0.30951205,0.8831461,0.25853047,0.6612122,0.20560856,0.7011427,0.37140054,0.8488599,0.5054879,0.6715782,0.43514186,0.5035077,0.35427693
8,0.0,0.0,0.15761578,-0.35589892,0.44867906,-0.6587304,0.6806414,-0.88129765,0.87043667,-1.0851064,1.0005405,-0.26828256,1.3809618,-0.37605685,1.5991098,-0.43017662,1.8034495,-0.45903474,1.0000001,9.42201e-09,1.4226104,0.115522794,1.6765437,0.22903407,1.893113,0.32849118,0.8868114,0.2068259,1.1657994,0.3163362,0.89240485,0.26814294,0.6617091,0.21091452,0.7031023,0.38131735,0.85286885,0.51822567,0.67352617,0.4509743,0.4979199,0.36439818
8,0.0,0.0,0.17035796,-0.3536346,0.46724138,-0.6546529,0.69629085,-0.8757857,0.8740087,-1.0733523,1.0016075,-0.26391676,1.3710943,-0.37010792,1.5870243,-0.4251103,1.7896813,-0.4521151,1.0,1.4966778e-08,1.420211,0.11252259,1.672077,0.2212295,1.8887026,0.31782222,0.88818485,0.20498455,1.1681497,0.3160642,0.8898095,0.26002654,0.6589053,0.1981762,0.7048487,0.3781559,0.85249037,0.5123553,0.67218614,0.43796313,0.50209165,0.3490361
8,0.0,0.0,0.16691612,-0.35574475,0.46111026,-0.65914124,0.6939715,-0.8743232,0.87180966,-1.0694708,1.0003134,-0.26647145,1.3774387,-0.378005,1.5943652,-0.43686408,1.7934064,-0.4695719,1.0,1.1700949e-08,1.4183775,0.10834526,1.6730016,0.21064608,1.8879585,0.29860252,0.8852551,0.20631276,1.1729215,0.31197152,0.901619,0.26293164,0.6758668,0.20435004,0.6981159,0.37693727,0.8568314,0.51216024,0.6876112,0.44940758,0.52243114,0.36472756
9,0.0,0.0,0.15430279,-0.36098668,0.42014384,-0.6584961,0.66019034,-0.8776968,0.84521204,-1.09799,0.9748722,-0.25337273,1.3374058,-0.3309466,1.5810963,-0.35296524,1.800151,-0.3725119,1.0,2.3908008e-08,1.439533,0.0055298936,1.7168727,0.024157476,1.9403961,0.036150955,0.90921164,0.20413016,1.3081334,0.2872194,1.55896,0.32778177,1.770278,0.33664253,0.73636013,0.38215163,0.91304046,0.5029557,0.93321574,0.5187584,0.9396873,0.48367918
9,0.0,0.0,0.1629442,-0.36004698,0.43017298,-0.6558025,0.6738569,-0.87566507,0.8537377,-1.097837,0.97868687,-0.25346786,1.3326776,-0.32537952,1.5740538,-0.3459095,1.7915379,-0.36630496,1.0,1.6043426e-08,1.4326203,0.014999665,1.7047584,0.0367792,1.9298474,0.04858751,0.90437144,0.20428349,1.302989,0.2932404,1.5520747,0.3345593,1.7664832,0.34033668,0.7276943,0.37775648,0.917257,0.50290424,0.9111359,0.50987583,0.8898932,0.46531594
9,0.0,0.0,0.14557144,-0.34515235,0.43347496,-0.63018805,0.6874606,-0.83928066,0.8643107,-1.0478756,0.97691834,-0.2455738,1.3265076,-0.3204118,1.5574857,-0.34196517,1.7709086,-0.36131063,1.0,-1.18768595e-08,1.4271786,0.008795771,1.6835128,0.020595994,1.9047693,0.027747449,0.9128736,0.20581321,1.3085287,0.27567,1.5497351,0.29808185,1.757792,0.29961467,0.74724734,0.38243023,0.9702313,0.492431,0.9043462,0.46481463,0.8084188,0.4057535
9,0.0,0.0,0.15373807,-0.34185353,0.4377126,-0.6289056,0.6897043,-0.83597404,0.8637204,-1.0396236,0.9775256,-0.242687,1.3231844,-0.3177298,1.5525273,-0.34059873,1.7622445,-0.36186486,1.0,-2.8751373e-08,1.4220927,0.007936684,1.6778378,0.02026258,1.8942472,0.027750334,0.9089596,0.20244849,1.2993482,0.27078804,1.5408348,0.29563847,1.7440066,0.2964639,0.73793614,0.37434202,0.9526281,0.48550436,0.91484237,0.46594003,0.8457652,0.40968966
9,0.0,0.0,0.15783611,-0.34456617,0.45352805,-0.6019245,0.7191679,-0.7786026,0.9105885,-0.95615214,0.98025393,-0.23464066,1.337045,-0.3059595,1.5710615,-0.32704094,1.7799848,-0.34163818,1.0,-4.9370733e-08,1.4255066,0.014486708,1.6839966,0.025879635,1.9003744,0.027157186,0.9065923,0.20106438,1.2997831,0.26962832,1.551455,0.29133204,1.7587757,0.28711334,0.7344695,0.3675497,0.9532713,0.47335422,0.89536273,0.4359196,0.79623276,0.36627546
9,0.0,0.0,0.16520494,-0.35604712,0.4508241,-0.6185309,0.709635,-0.8043213,0.90880525,-0.99504393,0.97915685,-0.23913012,1.3332171,-0.30876467,1.5691761,-0.32960206,1.7815688,-0.34598732,1.0,3.518448e-08,1.4192663,0.013295489,1.6785716,0.029063072,1.8953525,0.03869454,0.9098822,0.19884412,1.3047925,0.26676807,1.5539607,0.29545236,1.7655716,0.3015915,0.745866,0.372211,0.9613994,0.49077386,0.9068083,0.4610302,0.81829464,0.39752424
9,0.0,0.0,0.15311262,-0.34529543,0.43536904,-0.6224725,0.68614763,-0.82427585,0.8656522,-1.021052,0.9767449,-0.2379609,1.3214576,-0.31009477,1.5517914,-0.33205777,1.761297,-0.35023016,1.0,3.3672997e-08,1.4158188,0.0107416,1.670547,0.022549946,1.8855194,0.029279625,0.910325,0.19897006,1.3000889,0.26048806,1.5471569,0.2830267,1.7532722,0.28163075,0.74074364,0.36759225,0.95533895,0.48305398,0.91953003,0.4592137,0.85001343,0.39458862
9,0.0,0.0,0.15122868,-0.3510843,0.42439437,-0.6375273,0.66892296,-0.8521446,0.85164165,-1.0572107,0.9724364,-0.24492088,1.3230886,-0.32310396,1.5579607,-0.35053337,1.7718873,-0.3731588,1.0,5.964179e-09,1.4308013,0.005391935,1.6932951,0.015722556,1.9139178,0.021778928,0.9138794,0.20274465,1.310955,0.26766783,1.5587707,0.2909185,1.7679465,0.2881467,0.7469662,0.37707356,0.9655503,0.4935216,0.9362494,0.47806513,0.87623626,0.4206361
9,0.0,0.0,0.15407625,-0.34485903,0.42474958,-0.6331317,0.66930413,-0.8510835,0.8456009,-1.0618309,0.97408706,-0.24380413,1.322793,-0.31881094,1.5587399,-0.3424387,1.7713503,-0.36033413,0.99999994,2.3643732e-08,1.4230671,0.00979794,1.6863209,0.02303828,1.9051156,0.033080924,0.91129863,0.20218664,1.3067328,0.26492408,1.5597818,0.29127726,1.7685308,0.29085982,0.74220157,0.37393096,0.9578758,0.4894498,0.94616044,0.48525846,0.9018128,0.43599668
9,0.0,0.0,0.15127221,-0.3576774,0.41897145,-0.64858097,0.6641463,-0.8673358,0.8389198,-1.0848615,0.9722904,-0.24783449,1.3227568,-0.32009614,1.5611278,-0.34267983,1.7729104,-0.36337852,1.0,-5.4568034e-08,1.4309282,0.010772254,1.698156,0.026855748,1.9184644,0.0366865,0.90964663,0.20221442,1.3138843,0.27516863,1.5653749,0.30685857,1.7762334,0.30580586,0.7363822,0.37472802,0.9433652,0.49900654,0.9448518,0.5011832,0.9234303,0.45106658
9,0.0,0.0,0.14361122,-0.35715827,0.4040849,-0.6475576,0.6450319,-0.8631109,0.8216298,-1.0760081,0.96546865,-0.24712172,1.3273374,-0.31621778,1.564059,-0.33294234,1.7736906,-0.3462202,0.99999994,4.379824e-08,1.4335213,0.010403713,1.6996976,0.032099083,1.9171042,0.047103584,0.9247895,0.20185965,1.3212312,0.27461088,1.5660125,0.30930394,1.771153,0.31446916,0.77098197,0.3787587,0.9614912,0.49152696,0.97696906,0.49201658,0.971425,0.4465737
9,0.0,0.0,0.14692713,-0.363816,0.39796093,-0.6504388,0.6439565,-0.8773285,0.8401833,-1.0973096,0.9731778,-0.24507168,1.3388158,-0.31326938,1.5946774,-0.3255744,1.809706,-0.33670858,1.0000001,2.0941552e-08,1.4461067,0.026914734,1.7227943,0.058752164,1.9431224,0.08013178,0.917591,0.20422156,1.3265027,0.29010597,1.5880959,0.33714786,1.8010216,0.34693173,0.76702684,0.38568395,0.98867387,0.51190174,0.9969907,0.5251502,0.97506756,0.48477575
9,0.0,0.0,0.14097781,-0.36588976,0.39404565,-0.6566866,0.64056695,-0.8745981,0.82054615,-1.0956116,0.9667864,-0.24836491,1.3294717,-0.31456077,1.5793558,-0.32802063,1.7969779,-0.3369857,1.0,-1.8743448e-08,1.43832,0.019257046,1.7130274,0.047724824,1.9334555,0.068613425,0.9206949,0.20300257,1.3221257,0.2832655,1.5791572,0.32554007,1.7890562,0.3340487,0.7649311,0.38012096,0.9758005,0.5028435,1.0006726,0.51313233,0.9973327,0.4713078
9,0.0,0.0,0.14244562,-0.3601588,0.41106033,-0.6530345,0.6604417,-0.86880463,0.8352836,-1.0858873,0.96838313,-0.24685973,1.3272574,-0.31102243,1.569594,-0.32523265,1.7854339,-0.33508873,1.0000001,2.6245186e-08,1.4366612,0.017393539,1.706568,0.041505016,1.9303327,0.060989704,0.9220584,0.20115294,1.3208089,0.27910855,1.5741366,0.31801036,1.785599,0.32702577,0.7663789,0.37538832,0.98354524,0.49517348,1.0048527,0.502138,0.9985718,0.46051982
9,0.0,0.0,0.15481906,-0.36380267,0.4171746,-0.6571284,0.66404074,-0.88324517,0.85555655,-1.1008896,0.97524107,-0.24547358,1.3357455,-0.3138584,1.582317,-0.32598785,1.7980605,-0.3362466,1.0,9.2727004e-10,1.4347112,0.020012261,1.7083842,0.04744721,1.9292688,0.06678337,0.9155865,0.20269474,1.3185375,0.27891028,1.5821316,0.3195799,1.799101,0.32872126,0.759272,0.38119984,0.9744913,0.50011885,0.9758089,0.5070585,0.95044893,0.4649515
9,0.0,0.0,0.16002297,-0.35132352,0.44860107,-0.62923247,0.7024633,-0.8399692,0.89289236,-1.042174,0.9781041,-0.24469261,1.3397359,-0.31493804,1.5852343,-0.33355927,1.8021635,-0.34763944,1.0,3.030355e-08,1.4328045,0.013222503,1.702224,0.031499606,1.9238607,0.041273005,0.91234684,0.20202443,1.3124264,0.27885103,1.5639917,0.30798283,1.7720125,0.30620202,0.74789953,0.37302858,0.9574223,0.50011486,0.9302939,0.49017498,0.87123376,0.43550032
9,0.0,0.0,0.16982187,-0.33595398,0.47362646,-0.59828746,0.7293863,-0.7776149,0.9239843,-0.9529973,0.9873763,-0.23490492,1.342261,-0.30530056,1.5792763,-0.32593942,1.7929668,-0.33870888,1.0,4.6819338e-08,1.433375,0.009319473,1.6989653,0.022297798,1.9195633,0.031206142,0.9077583,0.199,1.3129966,0.25779545,1.560085,0.2734564,1.763534,0.26966476,0.7387903,0.3743024,0.9792167,0.4792668,0.9168046,0.44310817,0.8117086,0.3772065
9,0.0,0.0,0.160748,-0.33264488,0.4599568,-0.5976357,0.71144116,-0.78186244,0.8881578,-0.96058977,0.97936296,-0.2309949,1.3292719,-0.29949942,1.5616312,-0.32025087,1.770224,-0.3331239,1.0,-1.0338606e-08,1.4214932,0.014490421,1.6763189,0.02555038,1.8922722,0.034645453,0.9132743,0.19813323,1.3073006,0.25932097,1.5494658,0.2776431,1.750725,0.27766556,0.7461191,0.36827838,0.9871064,0.48381996,0.9470895,0.45601264,0.86316,0.39490843
9,0.0,0.0,0.1667465,-0.35703513,0.42606738,-0.62951934,0.6769881,-0.8399896,0.8793021,-1.0442768,0.9734854,-0.23703666,1.3303677,-0.30740446,1.571945,-0.32378545,1.7835377,-0.33361864,1.0,-3.5574555e-08,1.4254751,0.014931331,1.6901705,0.041307624,1.8984383,0.056440342,0.91458094,0.19736214,1.3092498,0.26588425,1.5583217,0.30554497,1.7659184,0.31350845,0.76085126,0.36840618,0.9588959,0.48019117,0.9606682,0.4914058,0.9400853,0.4617897
9,0.0,0.0,0.1688844,-0.35799655,0.42511684,-0.63371193,0.6728769,-0.851818,0.86716014,-1.0677444,0.97574514,-0.23654407,1.3334435,-0.2978708,1.5741446,-0.31168222,1.7860894,-0.3213577,1.0,-7.517657e-09,1.4276993,0.022019913,1.69594,0.049438216,1.9063549,0.06381584,0.91415966,0.19728276,1.3100998,0.2708405,1.5611202,0.31308442,1.7667959,0.32202452,0.7633074,0.370487,0.96909016,0.4810138,0.9707651,0.49613518,0.94576377,0.46959475
9,0.0,0.0,0.16128187,-0.3710632,0.40832737,-0.6545765,0.65717536,-0.88116693,0.8644611,-1.1030971,0.97715074,-0.23962992,1.3428967,-0.3082196,1.6001023,-0.31926805,1.8138986,-0.32817242,1.0,3.6386158e-08,1.4437827,0.0233515,1.7194217,0.052063446,1.9360249,0.07055031,0.9128244,0.20215847,1.323208,0.28245556,1.5803653,0.32650393,1.792184,0.3341424,0.7639739,0.3819589,0.9733707,0.49732572,0.9772146,0.5159794,0.95606923,0.48829103
9,0.0,0.0,0.14916128,-0.36742258,0.41353825,-0.65365964,0.6643172,-0.8769113,0.8558543,-1.0911187,0.96974593,-0.245208,1.334585,-0.31162336,1.5836118,-0.32626793,1.8021919,-0.33415517,1.0,5.9173473e-08,1.4464113,0.013829592,1.7213802,0.037043326,1.9446896,0.055783316,0.92190385,0.20289259,1.327925,0.27529597,1.5842952,0.31657904,1.7956727,0.32966483,0.7726627,0.3796706,0.9921652,0.49525258,0.9977663,0.51514757,0.97483987,0.49387094
9,0.0,0.0,0.15862064,-0.3647248,0.4172831,-0.6512367,0.6660437,-0.8824107,0.8569621,-1.1018335,0.9718552,-0.24381469,1.33348,-0.31027275,1.5839015,-0.32169387,1.8003386,-0.32892892,1.0,2.9044816e-08,1.435322,0.014560592,1.7091942,0.038931612,1.9283642,0.055905838,0.91884685,0.2003606,1.3201953,0.2771897,1.5772759,0.31928867,1.789721,0.32789993,0.7665386,0.37344486,0.9676504,0.4931673,0.98449576,0.5136681,0.9794642,0.4865371
9,0.0,0.0,0.162212,-0.37821582,0.41781434,-0.6690132,0.6589165,-0.9022931,0.8569931,-1.1281809,0.9794511,-0.24985984,1.3485364,-0.3183885,1.6025338,-0.3294511,1.8241991,-0.33380988,1.0,-9.463655e-09,1.4487306,0.019470133,1.7322309,0.05057317,1.9577976,0.073201686,0.9105232,0.2063381,1.3277835,0.29207286,1.5882914,0.33629227,1.8042904,0.3469237,0.7530331,0.39075655,0.96440893,0.5170259,0.96326506,0.5342482,0.93916327,0.50338256
9,0.0,0.0,0.15707003,-0.35425106,0.42897776,-0.64473313,0.6772033,-0.8636535,0.8567539,-1.0697201,0.9729567,-0.24284732,1.3335357,-0.30969086,1.580638,-0.33002296,1.7970802,-0.34270313,1.0000001,-4.697675e-08,1.4348857,0.012986901,1.7035112,0.027609354,1.9237616,0.04069619,0.91659766,0.20160279,1.3174713,0.272937,1.5698619,0.30740398,1.7751113,0.31377593,0.7527232,0.3732362,0.9770036,0.4960704,0.9908773,0.50300205,0.96921384,0.46477175
9,0.0,0.0,0.17350394,-0.33236337,0.47147167,-0.5746328,0.7163341,-0.72475857,0.8942564,-0.8852237,0.98326564,-0.22703609,1.3277701,-0.30116904,1.5552334,-0.32550627,1.7568303,-0.34188545,1.0,-5.2270313e-09,1.416918,0.007934467,1.6811677,0.009350883,1.8995024,0.005145851,0.905023,0.19044621,1.2956411,0.2539648,1.5489361,0.26122543,1.7547448,0.24069294,0.72843,0.35278514,0.93620723,0.4681939,0.9502227,0.45826435,0.9272421,0.4064423
9,0.0,0.0,0.1783404,-0.34546876,0.46300665,-0.60510606,0.70400697,-0.76904464,0.8961237,-0.93417037,0.9871569,-0.23297386,1.3419867,-0.29769698,1.5749539,-0.3167837,1.7846266,-0.32744282,1.0,2.700079e-08,1.4326551,0.016638521,1.6965171,0.027095469,1.9196411,0.037758343,0.90957445,0.1933734,1.3020605,0.26238596,1.5524244,0.28709987,1.7596875,0.2904281,0.74180746,0.36060873,0.9635205,0.48159894,0.94549143,0.472555,0.8922834,0.4266802
9,0.0,0.0,0.1550064,-0.3595857,0.42850736,-0.6460838,0.67798734,-0.8580846,0.85697377,-1.0603114,0.97288346,-0.24012126,1.3279681,-0.30517316,1.5647675,-0.32238886,1.7781613,-0.3335164,1.0,-3.627656e-08,1.4316483,0.019441202,1.695357,0.042229366,1.9098525,0.06011084,0.91809464,0.19750577,1.308639,0.26998973,1.5535734,0.31365666,1.755571,0.33179355,0.7618822,0.36496165,0.9756716,0.47615245,0.97995996,0.4933861,0.95541465,0.47423118
9,0.0,0.0,0.14013655,-0.34888288,0.38810292,-0.6280607,0.6422636,-0.8442506,0.82097185,-1.0450578,0.9606643,-0.2294587,1.319327,-0.28678355,1.5662737,-0.29764363,1.7828047,-0.29535633,1.0000001,3.2785582e-08,1.4316736,0.020807026,1.6978873,0.054801933,1.9130638,0.085529245,0.92595214,0.1920157,1.3291509,0.26542756,1.5724019,0.3257026,1.7718511,0.36166522,0.7783023,0.35754192,1.0107504,0.45704082,0.9984457,0.47121793,0.9492482,0.4592992
9,0.0,0.0,0.14419992,-0.36457607,0.44236022,-0.64054704,0.7123199,-0.83649343,0.8871688,-1.0278183,0.96918696,-0.23043828,1.3258771,-0.27138025,1.5574573,-0.2805902,1.7614663,-0.2782377,1.0,-2.766793e-08,1.4261582,0.034454875,1.6795691,0.06765417,1.8793082,0.096438035,0.9206979,0.18919857,1.3049825,0.2808789,1.5275068,0.34419295,1.7087237,0.38264656,0.7664298,0.34471196,0.9752562,0.4506995,0.9724111,0.46849692,0.9363443,0.45794648
9,0.0,0.0,0.12917203,-0.33944818,0.4539947,-0.5801778,0.73756456,-0.72897583,0.92733353,-0.9092786,0.96813345,-0.22488867,1.3310037,-0.24389823,1.5606772,-0.23353742,1.7696311,-0.21655315,0.99999994,-8.706196e-09,1.4170884,0.048979796,1.6568577,0.09357204,1.859446,0.12354333,0.92478746,0.18568696,1.3128673,0.28614545,1.5351733,0.35531548,1.7246132,0.3953002,0.77738523,0.34840432,0.9984101,0.45530507,0.9846703,0.47103432,0.93804336,0.4597148
9,0.0,0.0,0.12631765,-0.34005785,0.45395458,-0.581263,0.7342943,-0.7350165,0.91665167,-0.9209603,0.96772146,-0.22238357,1.3272865,-0.25028792,1.5598804,-0.24303995,1.7665665,-0.22597273,1.0,7.1775115e-09,1.4187584,0.042458937,1.6614351,0.08786491,1.8607981,0.12214295,0.9239001,0.1856809,1.3179408,0.28490236,1.5373718,0.35333723,1.7218788,0.3944674,0.7726622,0.35018054,0.99827087,0.45867187,0.9778909,0.46959364,0.9222996,0.45285112
9,0.0,0.0,0.13013831,-0.33649498,0.4501531,-0.57890683,0.7257158,-0.73417836,0.9110885,-0.91475344,0.9711802,-0.22691181,1.3287424,-0.24832802,1.5558784,-0.2374883,1.7640458,-0.21877103,1.0,-4.1064974e-09,1.4121923,0.045466904,1.6511343,0.088175274,1.8574252,0.118796185,0.91952777,0.1867745,1.309564,0.28431544,1.5291265,0.35305145,1.7219824,0.3936711,0.76535296,0.34917223,0.98721564,0.45724285,0.9737599,0.47493723,0.93337363,0.46424475
9,0.0,0.0,0.15458354,-0.35337132,0.44067946,-0.6133225,0.7073654,-0.80195063,0.8947046,-0.98660415,0.9718544,-0.23491806,1.326999,-0.28569362,1.5659832,-0.29830602,1.7735826,-0.3005431,1.0,1.2070153e-08,1.4224175,0.026443595,1.6821947,0.057187807,1.8855139,0.0794035,0.91728884,0.1982758,1.3159549,0.2791578,1.5524008,0.33339065,1.7429357,0.36027333,0.76069623,0.36453995,0.987248,0.46675283,0.9945746,0.48192078,0.96370786,0.46691766
9,0.0,0.0,0.17598425,-0.33733386,0.46114007,-0.59899026,0.7136945,-0.7621212,0.8967729,-0.93121994,0.9839147,-0.2310772,1.3377701,-0.31097174,1.5695597,-0.33543143,1.7790554,-0.3550383,0.99999994,1.4369782e-08,1.417787,0.0066176974,1.6784773,0.010952271,1.8929027,0.0034694965,0.90652627,0.1951816,1.2900238,0.25245136,1.5446421,0.27682087,1.7470793,0.27248314,0.7364716,0.3623499,0.9570188,0.46874154,0.9807113,0.46931484,0.96612006,0.42737606
9,0.0,0.0,0.28318346,-0.3370235,0.54617405,-0.4645627,0.7256387,-0.5194278,0.93604225,-0.6033475,1.037763,-0.18311034,1.4120247,-0.2534786,1.6591401,-0.29635346,1.8635464,-0.3158135,1.0000001,4.9573416e-09,1.4752601,-0.036612302,1.7639418,-0.09108112,2.003583,-0.13281657,0.8895941,0.14678146,1.3358128,0.18428111,1.6084168,0.107783794,1.8162835,0.028703032,0.7269718,0.27772963,1.0053128,0.3665232,0.9375112,0.26652715,0.7941364,0.15511271
9,0.0,0.0,0.25828403,-0.32220647,0.5416322,-0.45018572,0.72852886,-0.5031757,0.9330255,-0.5878677,1.0293672,-0.18772337,1.3851589,-0.25608593,1.6170453,-0.2981808,1.8208463,-0.3229345,1.0,3.006278e-08,1.4522768,-0.052689124,1.7348129,-0.109705724,1.9731494,-0.15626754,0.89374554,0.14802472,1.3275976,0.17516792,1.5897807,0.0880828,1.7947913,-0.0014886914,0.7327043,0.2762367,0.9990039,0.351666,0.92989516,0.25340775,0.80080825,0.14552613
9,0.0,0.0,0.2904315,-0.3487896,0.55368483,-0.47117525,0.731418,-0.5230075,0.9477961,-0.6007511,1.0420321,-0.1829494,1.4123975,-0.25329304,1.6596196,-0.2927189,1.8596781,-0.31031877,1.0,2.7241194e-09,1.4749879,-0.03498562,1.7639992,-0.08768591,2.008007,-0.123043805,0.8847717,0.1462937,1.3286765,0.18403251,1.595539,0.10229196,1.7984694,0.019954097,0.71889836,0.27100608,0.9840214,0.35151622,0.9295709,0.253231,0.8009324,0.14423555
9,0.0,0.0,0.17963158,-0.31605265,0.46619213,-0.5621718,0.71099836,-0.70653105,0.89596695,-0.8615147,0.98440677,-0.21423164,1.3297343,-0.29145256,1.556661,-0.3188095,1.7602646,-0.33457488,0.99999994,1.6124234e-08,1.419385,-0.012658734,1.6779469,-0.02733708,1.8911823,-0.042502366,0.9076609,0.18671435,1.2975312,0.23394921,1.5412527,0.22363892,1.7367214,0.19642173,0.7352498,0.35915148,0.9628856,0.47198868,0.9357739,0.42497638,0.8631507,0.34428972
9,0.0,0.0,0.16926347,-0.35524458,0.4259133,-0.6255113,0.67529374,-0.8307647,0.8640153,-1.035029,0.97193617,-0.23391882,1.3272002,-0.29536366,1.5660731,-0.30398694,1.7760863,-0.30523145,1.0000001,-3.653961e-08,1.4248728,0.013413576,1.686099,0.0403311,1.894573,0.059887696,0.9200023,0.19459619,1.3013666,0.27126947,1.5416965,0.31766614,1.7458639,0.3353769,0.77607876,0.36497173,0.9651951,0.47060576,0.97856903,0.49162418,0.97421765,0.48144704
9,0.0,0.0,0.16030222,-0.35268024,0.42412025,-0.63373005,0.6742536,-0.83658564,0.84887254,-1.0352545,0.96986735,-0.24240719,1.3196336,-0.30055764,1.5527401,-0.3157321,1.7592738,-0.32642198,1.0000001,-1.4670124e-08,1.4210042,0.008998531,1.6818892,0.025182966,1.8921939,0.035349783,0.9193262,0.20065463,1.3006116,0.26875967,1.5370466,0.30672345,1.7345334,0.31806555,0.7626674,0.37385935,0.94736165,0.4893425,0.9804202,0.5083023,0.99524486,0.48992488
